TransactionID,CustomerID,Date,Amount,TransactionType,AccountBalance,Branch
TXN00001,CUST0103,2025-01-22,1548.11,Debit,3276.37,Leeds
TXN00002,CUST0180,2025-03-07,1047.38,Credit,3300.76,Glasgow
TXN00003,CUST0093,2025-02-07,1952.27,Debit,3868.21,Birmingham
TXN00004,CUST0015,2025-03-31,259.84,Debit,5863.64,Glasgow
TXN00005,CUST0107,2025-02-15,43.73,Credit,2897.07,Glasgow
TXN00006,CUST0072,2025-01-15,1542.61,Credit,9195.25,Manchester
TXN00007,CUST0189,2025-02-13,1616.24,Debit,3024.01,Leeds
TXN00008,CUST0021,2025-02-18,249.21,Credit,9010.25,Leeds
TXN00009,CUST0103,2025-03-16,538.51,Debit,1483.01,Manchester
TXN00010,CUST0122,2025-03-02,44.93,Debit,6737.35,Leeds
TXN00011,CUST0075,2025-03-08,593.68,Credit,9116.36,Manchester
TXN00012,CUST0088,2025-01-06,1548.55,Debit,2103.12,Birmingham
TXN00013,CUST0117,2025-01-09,1040.74,Credit,9699.11,Glasgow
TXN00014,CUST0100,2025-01-06,702.71,Credit,4802.39,Glasgow
TXN00015,CUST0104,2025-03-14,749.76,Credit,9484.29,Leeds
TXN00016,CUST0152,2025-02-01,12.69,Debit,6929.79,London
TXN00017,CUST0131,2025-02-10,606.6,Credit,3365.08,Glasgow
TXN00018,CUST0150,2025-03-17,1296.45,Credit,2288.87,Manchester
TXN00019,CUST0053,2025-01-08,1948.65,Debit,3385.48,London
TXN00020,CUST0002,2025-03-13,1695.65,Debit,1383.67,London
TXN00021,CUST0088,2025-02-19,56.95,Debit,1866.75,Glasgow
TXN00022,CUST0158,2025-03-03,1798.14,Debit,1494.27,Glasgow
TXN00023,CUST0038,2025-03-25,1568.56,Credit,4517.96,Glasgow
TXN00024,CUST0130,2025-03-03,1562.95,Credit,8057.99,Manchester
TXN00025,CUST0192,2025-01-07,921.41,Credit,1843.14,London
TXN00026,CUST0188,2025-03-16,802.03,Debit,1738.04,Leeds
TXN00027,CUST0021,2025-03-25,612.8,Debit,6612.58,Manchester
TXN00028,CUST0161,2025-03-21,140.73,Credit,2373.24,Birmingham
TXN00029,CUST0058,2025-01-04,464.19,Debit,1427.3,Glasgow
TXN00030,CUST0022,2025-01-06,500.74,Debit,2085.06,London
TXN00031,CUST0089,2025-02-27,973.31,Credit,9275.45,Manchester
TXN00032,CUST0049,2025-01-22,1497.41,Credit,8303.98,Birmingham
TXN00033,CUST0059,2025-01-26,952.88,Debit,3863.61,Manchester
TXN00034,CUST0170,2025-01-03,125.11,Debit,6730.3,Manchester
TXN00035,CUST0188,2025-02-10,1916.0,Debit,5604.12,Leeds
TXN00036,CUST0015,2025-03-01,1886.02,Credit,6932.68,Leeds
TXN00037,CUST0190,2025-01-14,1572.53,Credit,6985.38,Manchester
TXN00038,CUST0190,2025-03-16,1982.74,Credit,6472.97,Birmingham
TXN00039,CUST0175,2025-03-23,1093.52,Credit,3027.96,London
TXN00040,CUST0190,2025-01-12,1925.91,Credit,870.56,London
TXN00041,CUST0051,2025-03-28,160.45,Debit,4827.88,Glasgow
TXN00042,CUST0108,2025-01-12,737.7,Debit,8964.25,Glasgow
TXN00043,CUST0055,2025-01-13,458.51,Debit,5910.22,London
TXN00044,CUST0064,2025-01-25,399.71,Credit,8407.71,Manchester
TXN00045,CUST0131,2025-02-14,290.2,Credit,9920.43,Manchester
TXN00046,CUST0051,2025-01-19,1248.6,Credit,2054.35,Leeds
TXN00047,CUST0135,2025-02-24,1564.83,Debit,7071.89,Leeds
TXN00048,CUST0021,2025-02-14,1160.81,Credit,6905.79,Glasgow
TXN00049,CUST0073,2025-01-08,302.46,Credit,9809.58,London
TXN00050,CUST0167,2025-02-22,1624.14,Debit,9863.21,Manchester
TXN00051,CUST0018,2025-02-24,1275.55,Credit,7023.45,London
TXN00052,CUST0132,2025-02-01,782.45,Debit,2814.34,Birmingham
TXN00053,CUST0089,2025-02-20,1351.52,Credit,8086.28,London
TXN00054,CUST0060,2025-02-13,527.21,Credit,1516.78,Birmingham
TXN00055,CUST0014,2025-03-23,696.93,Debit,7916.64,Leeds
TXN00056,CUST0009,2025-03-11,1835.8,Debit,9146.86,Leeds
TXN00057,CUST0090,2025-01-18,588.1,Debit,4136.92,Glasgow
TXN00058,CUST0053,2025-03-24,945.28,Debit,6491.04,London
TXN00059,CUST0130,2025-01-22,1781.38,Debit,4586.36,London
TXN00060,CUST0084,2025-02-06,1418.37,Debit,4658.77,Birmingham
TXN00061,CUST0092,2025-02-25,133.78,Credit,3448.52,Leeds
TXN00062,CUST0111,2025-02-28,303.13,Credit,7740.23,Birmingham
TXN00063,CUST0188,2025-01-03,25.6,Debit,9393.68,Leeds
TXN00064,CUST0199,2025-01-28,1265.53,Credit,9437.13,Birmingham
TXN00065,CUST0172,2025-03-15,900.87,Debit,2160.42,Leeds
TXN00066,CUST0008,2025-02-04,277.21,Credit,8810.06,Birmingham
TXN00067,CUST0175,2025-03-02,1916.29,Debit,7505.6,Leeds
TXN00068,CUST0035,2025-02-23,1064.02,Credit,2901.96,Birmingham
TXN00069,CUST0081,2025-03-04,491.37,Credit,1139.2,London
TXN00070,CUST0164,2025-03-20,1006.2,Credit,3045.97,Glasgow
TXN00071,CUST0050,2025-01-07,1362.44,Credit,9165.98,Birmingham
TXN00072,CUST0104,2025-03-17,161.72,Credit,6515.2,Glasgow
TXN00073,CUST0132,2025-02-18,556.66,Debit,7350.02,London
TXN00074,CUST0002,2025-03-26,1615.86,Debit,2942.95,London
TXN00075,CUST0134,2025-01-31,924.73,Debit,7334.19,Leeds
TXN00076,CUST0054,2025-02-27,1097.69,Credit,767.15,Glasgow
TXN00077,CUST0106,2025-03-02,871.3,Debit,4065.55,Manchester
TXN00078,CUST0004,2025-01-24,97.36,Credit,6454.16,Leeds
TXN00079,CUST0054,2025-01-20,339.84,Credit,1887.92,Glasgow
TXN00080,CUST0191,2025-02-06,896.63,Credit,8318.53,Birmingham
TXN00081,CUST0146,2025-01-04,426.28,Debit,2732.8,Birmingham
TXN00082,CUST0044,2025-01-20,109.46,Credit,6696.67,London
TXN00083,CUST0162,2025-03-01,1688.86,Debit,4349.37,Manchester
TXN00084,CUST0190,2025-01-24,1962.57,Debit,6162.41,Birmingham
TXN00085,CUST0014,2025-02-19,1588.35,Credit,1520.78,Glasgow
TXN00086,CUST0095,2025-02-18,1709.03,Credit,660.67,Glasgow
TXN00087,CUST0048,2025-02-20,491.53,Debit,9140.86,Birmingham
TXN00088,CUST0015,2025-02-05,1921.65,Debit,3061.49,Glasgow
TXN00089,CUST0200,2025-03-07,401.88,Debit,8286.93,Glasgow
TXN00090,CUST0190,2025-03-20,1903.35,Debit,9993.83,London
TXN00091,CUST0040,2025-02-03,1989.69,Debit,2508.6,Manchester
TXN00092,CUST0082,2025-02-05,1426.33,Debit,3019.12,London
TXN00093,CUST0111,2025-01-06,1962.48,Credit,6797.17,Manchester
TXN00094,CUST0053,2025-02-08,1143.38,Debit,9671.76,Glasgow
TXN00095,CUST0024,2025-02-11,526.49,Debit,9200.24,Manchester
TXN00096,CUST0154,2025-02-27,879.62,Debit,5277.32,Glasgow
TXN00097,CUST0188,2025-01-12,1191.19,Debit,8053.55,Glasgow
TXN00098,CUST0124,2025-01-03,155.43,Credit,1789.59,London
TXN00099,CUST0041,2025-01-18,1248.46,Credit,9785.66,London
TXN00100,CUST0157,2025-02-09,1962.54,Debit,9661.36,Leeds
TXN00101,CUST0015,2025-01-21,388.31,Debit,2055.43,Birmingham
TXN00102,CUST0045,2025-01-15,1587.26,Debit,3344.52,Leeds
TXN00103,CUST0065,2025-01-26,1816.72,Credit,1451.47,Leeds
TXN00104,CUST0089,2025-01-08,1887.97,Credit,3081.32,Manchester
TXN00105,CUST0071,2025-03-28,1920.67,Credit,8251.58,Glasgow
TXN00106,CUST0009,2025-02-11,1047.7,Credit,4094.0,Glasgow
TXN00107,CUST0088,2025-02-13,1954.84,Credit,1339.77,Glasgow
TXN00108,CUST0129,2025-01-14,1517.05,Credit,3751.14,Birmingham
TXN00109,CUST0136,2025-03-19,331.73,Debit,9823.14,Manchester
TXN00110,CUST0063,2025-01-02,959.03,Credit,6481.99,Manchester
TXN00111,CUST0139,2025-02-06,1439.48,Credit,4453.53,Glasgow
TXN00112,CUST0081,2025-03-10,502.21,Debit,2082.12,Leeds
TXN00113,CUST0136,2025-02-07,1284.82,Credit,9868.68,Birmingham
TXN00114,CUST0163,2025-02-10,1336.53,Debit,8298.07,Leeds
TXN00115,CUST0163,2025-03-03,333.77,Credit,3174.03,London
TXN00116,CUST0033,2025-03-01,1134.52,Debit,1165.65,Manchester
TXN00117,CUST0123,2025-01-14,1545.54,Debit,1037.94,Manchester
TXN00118,CUST0005,2025-03-30,1002.8,Debit,1643.59,Leeds
TXN00119,CUST0041,2025-03-25,34.09,Debit,6017.3,Birmingham
TXN00120,CUST0028,2025-01-02,27.99,Debit,9323.25,Manchester
TXN00121,CUST0135,2025-03-11,720.49,Credit,5219.06,Leeds
TXN00122,CUST0072,2025-01-17,1853.13,Credit,8507.98,Birmingham
TXN00123,CUST0012,2025-03-30,465.07,Debit,4735.92,Leeds
TXN00124,CUST0162,2025-01-28,1272.38,Debit,7231.54,Birmingham
TXN00125,CUST0033,2025-03-07,451.93,Debit,7452.79,Glasgow
TXN00126,CUST0048,2025-02-04,650.12,Credit,2152.66,Birmingham
TXN00127,CUST0151,2025-01-05,1697.6,Debit,3931.55,London
TXN00128,CUST0062,2025-03-06,1460.43,Debit,6554.37,Glasgow
TXN00129,CUST0037,2025-02-09,199.84,Debit,1171.62,Leeds
TXN00130,CUST0099,2025-03-17,863.12,Debit,3934.63,Glasgow
TXN00131,CUST0172,2025-02-25,68.05,Credit,5580.59,Glasgow
TXN00132,CUST0104,2025-02-05,966.97,Debit,9964.13,Leeds
TXN00133,CUST0035,2025-02-14,1328.24,Debit,5008.07,Leeds
TXN00134,CUST0193,2025-01-23,245.82,Credit,8252.54,London
TXN00135,CUST0101,2025-02-16,584.88,Debit,4604.64,Leeds
TXN00136,CUST0175,2025-01-31,801.69,Debit,8065.71,Manchester
TXN00137,CUST0131,2025-01-11,1839.87,Credit,6156.44,Manchester
TXN00138,CUST0001,2025-01-10,1986.58,Credit,8922.66,London
TXN00139,CUST0005,2025-03-08,99.37,Credit,4403.95,Birmingham
TXN00140,CUST0142,2025-01-14,1524.41,Debit,6240.89,Birmingham
TXN00141,CUST0103,2025-03-21,749.73,Debit,6485.18,Manchester
TXN00142,CUST0027,2025-03-15,790.99,Credit,4465.14,Leeds
TXN00143,CUST0137,2025-01-10,1510.99,Credit,1870.96,London
TXN00144,CUST0015,2025-03-17,1837.67,Credit,1388.81,Birmingham
TXN00145,CUST0090,2025-01-01,1902.35,Debit,658.38,Birmingham
TXN00146,CUST0042,2025-01-05,1158.47,Debit,8798.58,Glasgow
TXN00147,CUST0124,2025-01-20,720.67,Credit,2746.51,Manchester
TXN00148,CUST0179,2025-01-08,1577.22,Debit,2509.31,Leeds
TXN00149,CUST0063,2025-02-12,509.49,Credit,7492.34,London
TXN00150,CUST0096,2025-03-17,1132.51,Debit,3540.15,Birmingham
TXN00151,CUST0052,2025-01-01,723.57,Debit,5307.42,Glasgow
TXN00152,CUST0096,2025-02-26,1316.7,Debit,2043.86,Manchester
TXN00153,CUST0132,2025-03-05,488.39,Debit,9617.58,Manchester
TXN00154,CUST0151,2025-03-25,391.27,Credit,8590.02,London
TXN00155,CUST0143,2025-01-28,1837.3,Debit,8706.0,Birmingham
TXN00156,CUST0171,2025-02-06,212.59,Debit,4364.35,London
TXN00157,CUST0029,2025-02-16,1016.86,Credit,7742.43,London
TXN00158,CUST0036,2025-03-17,449.5,Debit,1866.82,Glasgow
TXN00159,CUST0013,2025-02-06,87.47,Credit,581.88,Manchester
TXN00160,CUST0160,2025-02-18,81.68,Credit,689.74,Leeds
TXN00161,CUST0071,2025-02-13,358.69,Debit,6072.72,Manchester
TXN00162,CUST0187,2025-02-25,1734.87,Debit,4826.25,Manchester
TXN00163,CUST0086,2025-01-28,572.13,Credit,5421.15,Glasgow
TXN00164,CUST0028,2025-03-20,1901.41,Credit,570.9,Leeds
TXN00165,CUST0066,2025-01-06,1167.43,Credit,4515.52,Birmingham
TXN00166,CUST0170,2025-03-02,878.86,Debit,7321.65,Leeds
TXN00167,CUST0045,2025-01-20,1164.38,Credit,4705.59,Birmingham
TXN00168,CUST0062,2025-03-19,1038.23,Credit,7456.08,Leeds
TXN00169,CUST0185,2025-01-02,1519.96,Credit,2713.68,London
TXN00170,CUST0134,2025-03-14,572.17,Debit,8224.85,Leeds
TXN00171,CUST0028,2025-02-06,712.57,Credit,6090.1,Glasgow
TXN00172,CUST0028,2025-01-20,1789.25,Debit,2502.25,Birmingham
TXN00173,CUST0108,2025-01-26,1893.45,Debit,2748.84,Manchester
TXN00174,CUST0044,2025-01-29,1786.19,Credit,6466.29,Glasgow
TXN00175,CUST0084,2025-01-01,844.7,Debit,8384.43,Birmingham
TXN00176,CUST0030,2025-02-04,1562.93,Credit,4448.46,Birmingham
TXN00177,CUST0190,2025-03-11,957.91,Debit,2953.85,Manchester
TXN00178,CUST0075,2025-02-28,1000.1,Debit,8736.61,London
TXN00179,CUST0128,2025-03-10,417.31,Credit,6858.05,Glasgow
TXN00180,CUST0092,2025-02-02,1186.35,Credit,4756.81,Manchester
TXN00181,CUST0190,2025-02-20,380.41,Credit,5135.05,Manchester
TXN00182,CUST0129,2025-03-19,669.81,Debit,2440.44,London
TXN00183,CUST0121,2025-01-12,1711.51,Debit,6454.62,Glasgow
TXN00184,CUST0027,2025-01-20,422.08,Credit,3908.05,Manchester
TXN00185,CUST0190,2025-02-22,151.6,Credit,9958.63,London
TXN00186,CUST0121,2025-03-29,147.33,Debit,5061.74,Glasgow
TXN00187,CUST0116,2025-02-12,1882.16,Debit,5115.91,Leeds
TXN00188,CUST0003,2025-03-30,1018.77,Debit,5875.59,Birmingham
TXN00189,CUST0103,2025-02-19,824.73,Credit,9209.18,London
TXN00190,CUST0198,2025-01-29,1623.65,Debit,8107.77,Birmingham
TXN00191,CUST0200,2025-02-26,1673.29,Credit,4785.74,Leeds
TXN00192,CUST0155,2025-02-08,671.06,Debit,7327.64,Manchester
TXN00193,CUST0137,2025-02-25,1390.3,Debit,6069.24,Manchester
TXN00194,CUST0062,2025-02-12,1544.53,Credit,5177.49,Glasgow
TXN00195,CUST0165,2025-02-19,1312.75,Credit,2327.0,London
TXN00196,CUST0051,2025-01-23,311.67,Credit,4907.39,London
TXN00197,CUST0172,2025-02-13,1753.01,Debit,2835.28,Glasgow
TXN00198,CUST0152,2025-02-07,1082.8,Debit,9191.0,Birmingham
TXN00199,CUST0059,2025-03-25,572.12,Debit,3686.36,Manchester
TXN00200,CUST0118,2025-01-23,856.2,Credit,9546.51,Manchester
TXN00201,CUST0160,2025-02-14,84.77,Debit,5564.03,London
TXN00202,CUST0096,2025-02-21,264.45,Credit,6499.67,London
TXN00203,CUST0180,2025-03-21,1533.44,Credit,5657.93,Glasgow
TXN00204,CUST0113,2025-02-19,10.02,Credit,1729.12,Leeds
TXN00205,CUST0062,2025-01-08,838.97,Debit,4070.3,Birmingham
TXN00206,CUST0186,2025-03-26,1049.8,Debit,1441.89,Leeds
TXN00207,CUST0052,2025-01-01,118.72,Credit,6418.06,Leeds
TXN00208,CUST0012,2025-01-08,1946.43,Debit,4745.3,London
TXN00209,CUST0039,2025-01-29,459.99,Credit,7890.86,London
TXN00210,CUST0130,2025-01-05,615.36,Credit,2594.47,London
TXN00211,CUST0131,2025-03-27,614.85,Debit,2063.38,Leeds
TXN00212,CUST0113,2025-02-16,468.53,Credit,4360.16,Birmingham
TXN00213,CUST0101,2025-02-03,12.93,Credit,9302.56,London
TXN00214,CUST0113,2025-03-06,1461.4,Debit,7249.01,Manchester
TXN00215,CUST0184,2025-02-24,1934.02,Credit,4479.77,Birmingham
TXN00216,CUST0081,2025-03-31,456.34,Credit,5414.09,Manchester
TXN00217,CUST0187,2025-02-12,1329.46,Credit,1300.02,Birmingham
TXN00218,CUST0113,2025-03-15,1486.37,Credit,9853.47,London
TXN00219,CUST0002,2025-01-30,1698.37,Credit,6830.87,Glasgow
TXN00220,CUST0130,2025-03-23,851.03,Credit,3211.34,London
TXN00221,CUST0054,2025-01-17,612.83,Credit,6065.18,Leeds
TXN00222,CUST0087,2025-01-26,657.34,Debit,1540.08,Leeds
TXN00223,CUST0129,2025-01-08,1428.12,Debit,9675.45,Birmingham
TXN00224,CUST0147,2025-02-16,1635.39,Credit,2160.46,Leeds
TXN00225,CUST0126,2025-03-17,371.41,Credit,6656.29,London
TXN00226,CUST0130,2025-03-13,748.17,Debit,2831.82,Manchester
TXN00227,CUST0053,2025-03-30,1804.86,Debit,7316.83,London
TXN00228,CUST0172,2025-02-15,1615.32,Debit,7879.8,Birmingham
TXN00229,CUST0160,2025-03-09,1969.87,Debit,6897.49,Leeds
TXN00230,CUST0198,2025-02-02,1510.95,Debit,6337.74,Manchester
TXN00231,CUST0160,2025-01-01,792.46,Credit,8978.46,Glasgow
TXN00232,CUST0068,2025-01-19,1185.37,Debit,1246.95,Manchester
TXN00233,CUST0183,2025-01-31,1325.42,Debit,3643.69,Manchester
TXN00234,CUST0184,2025-03-21,166.13,Debit,2858.73,London
TXN00235,CUST0123,2025-01-14,1093.55,Credit,9886.13,Glasgow
TXN00236,CUST0145,2025-02-22,1421.55,Credit,4199.2,Birmingham
TXN00237,CUST0038,2025-02-17,342.97,Credit,7459.82,Birmingham
TXN00238,CUST0024,2025-03-10,1563.46,Credit,7004.89,Manchester
TXN00239,CUST0069,2025-03-31,1171.71,Credit,2514.77,Manchester
TXN00240,CUST0116,2025-03-03,1904.92,Credit,2770.48,Leeds
TXN00241,CUST0098,2025-03-07,94.42,Debit,3172.2,Glasgow
TXN00242,CUST0198,2025-03-05,538.0,Credit,4405.71,Manchester
TXN00243,CUST0139,2025-03-11,1207.09,Credit,2726.09,Leeds
TXN00244,CUST0144,2025-03-04,600.15,Debit,686.69,Glasgow
TXN00245,CUST0097,2025-03-14,1431.7,Credit,8854.23,Birmingham
TXN00246,CUST0124,2025-02-02,1520.42,Debit,9673.29,Leeds
TXN00247,CUST0187,2025-02-10,214.01,Debit,3744.92,Glasgow
TXN00248,CUST0070,2025-03-30,1032.57,Credit,3715.82,Leeds
TXN00249,CUST0093,2025-02-17,1022.69,Debit,567.37,Manchester
TXN00250,CUST0003,2025-01-13,744.87,Debit,6962.38,London
TXN00251,CUST0148,2025-03-14,1866.52,Debit,8341.68,Birmingham
TXN00252,CUST0187,2025-03-18,1656.74,Debit,1892.78,Manchester
TXN00253,CUST0164,2025-01-31,1397.45,Credit,2016.83,Manchester
TXN00254,CUST0147,2025-03-16,1431.51,Debit,8005.79,Glasgow
TXN00255,CUST0090,2025-03-09,928.82,Credit,6354.76,Leeds
TXN00256,CUST0195,2025-01-04,1842.78,Debit,926.18,Birmingham
TXN00257,CUST0147,2025-01-19,1392.24,Debit,6414.2,Manchester
TXN00258,CUST0148,2025-03-11,1460.67,Debit,3434.72,Glasgow
TXN00259,CUST0096,2025-03-23,1724.76,Credit,4002.89,Birmingham
TXN00260,CUST0199,2025-01-13,555.4,Credit,7812.45,Leeds
TXN00261,CUST0052,2025-01-23,1616.07,Credit,8203.88,Manchester
TXN00262,CUST0161,2025-03-24,398.53,Debit,4303.39,Manchester
TXN00263,CUST0168,2025-03-16,697.23,Debit,9497.95,Manchester
TXN00264,CUST0128,2025-01-01,677.86,Debit,4361.4,Birmingham
TXN00265,CUST0039,2025-03-29,1957.27,Debit,7832.44,Birmingham
TXN00266,CUST0082,2025-02-23,1714.51,Credit,5096.83,Birmingham
TXN00267,CUST0104,2025-03-12,1405.33,Debit,9026.56,Birmingham
TXN00268,CUST0129,2025-03-30,1456.84,Credit,9123.73,Glasgow
TXN00269,CUST0011,2025-03-26,1128.52,Debit,1330.46,London
TXN00270,CUST0185,2025-01-15,1894.71,Credit,9396.69,Glasgow
TXN00271,CUST0178,2025-03-06,997.55,Credit,8342.58,Manchester
TXN00272,CUST0151,2025-03-17,767.23,Debit,8017.45,Glasgow
TXN00273,CUST0159,2025-03-12,334.44,Debit,2408.66,Leeds
TXN00274,CUST0042,2025-01-15,1574.55,Credit,8148.63,Birmingham
TXN00275,CUST0099,2025-01-21,1471.54,Debit,8576.26,Leeds
TXN00276,CUST0007,2025-01-19,774.87,Debit,3246.93,Leeds
TXN00277,CUST0144,2025-03-01,60.13,Credit,9546.47,Manchester
TXN00278,CUST0090,2025-03-30,1679.6,Credit,973.67,Birmingham
TXN00279,CUST0112,2025-02-02,32.72,Credit,1924.14,Leeds
TXN00280,CUST0060,2025-02-18,1410.36,Credit,5607.02,Manchester
TXN00281,CUST0113,2025-02-04,1940.81,Debit,5970.03,Birmingham
TXN00282,CUST0002,2025-02-13,880.95,Credit,6628.93,London
TXN00283,CUST0129,2025-03-31,477.6,Credit,661.21,Manchester
TXN00284,CUST0048,2025-01-11,1412.69,Credit,9623.48,Glasgow
TXN00285,CUST0140,2025-03-13,1636.09,Debit,923.59,Birmingham
TXN00286,CUST0197,2025-03-19,1097.4,Credit,1859.09,Leeds
TXN00287,CUST0037,2025-03-15,1934.4,Debit,633.14,Leeds
TXN00288,CUST0160,2025-03-07,112.82,Credit,5885.16,Glasgow
TXN00289,CUST0009,2025-02-15,1014.54,Credit,9356.54,Glasgow
TXN00290,CUST0099,2025-01-09,1439.72,Debit,6826.5,Leeds
TXN00291,CUST0147,2025-01-03,1726.65,Credit,8315.25,Birmingham
TXN00292,CUST0048,2025-03-26,366.72,Credit,626.17,Manchester
TXN00293,CUST0131,2025-01-26,1602.01,Debit,5649.15,Glasgow
TXN00294,CUST0148,2025-03-13,1109.89,Credit,4865.85,Glasgow
TXN00295,CUST0152,2025-02-17,799.14,Credit,5240.2,Glasgow
TXN00296,CUST0054,2025-03-07,272.11,Credit,1186.03,London
TXN00297,CUST0120,2025-03-11,1731.94,Credit,7002.14,Birmingham
TXN00298,CUST0161,2025-01-28,322.97,Debit,5280.59,Birmingham
TXN00299,CUST0152,2025-01-26,626.48,Credit,7768.91,Birmingham
TXN00300,CUST0116,2025-01-25,587.19,Debit,5110.26,Birmingham
TXN00301,CUST0075,2025-01-12,1744.11,Credit,1919.13,Birmingham
TXN00302,CUST0113,2025-01-05,1348.68,Debit,6658.44,Leeds
TXN00303,CUST0200,2025-02-17,1595.4,Credit,2137.67,Glasgow
TXN00304,CUST0164,2025-02-06,508.43,Debit,8787.75,Leeds
TXN00305,CUST0166,2025-03-20,1253.5,Credit,6324.6,London
TXN00306,CUST0104,2025-02-13,1147.77,Debit,1993.44,Manchester
TXN00307,CUST0084,2025-01-15,1667.33,Debit,9642.21,Glasgow
TXN00308,CUST0112,2025-02-12,1813.11,Credit,5424.47,London
TXN00309,CUST0099,2025-02-17,34.19,Debit,1192.54,Leeds
TXN00310,CUST0153,2025-03-28,1351.3,Credit,6454.91,Manchester
TXN00311,CUST0093,2025-03-11,113.15,Credit,2905.39,London
TXN00312,CUST0146,2025-02-15,1102.23,Credit,8135.09,Manchester
TXN00313,CUST0128,2025-02-12,582.39,Credit,8269.31,London
TXN00314,CUST0110,2025-01-21,620.49,Credit,9800.0,Leeds
TXN00315,CUST0082,2025-01-23,712.39,Debit,5267.76,Manchester
TXN00316,CUST0194,2025-03-21,1246.37,Credit,4822.09,London
TXN00317,CUST0054,2025-02-16,674.76,Credit,7658.02,Leeds
TXN00318,CUST0163,2025-01-15,1468.07,Credit,1758.47,Glasgow
TXN00319,CUST0189,2025-01-25,815.01,Credit,5695.7,Leeds
TXN00320,CUST0169,2025-02-05,146.02,Credit,5689.35,Leeds
TXN00321,CUST0161,2025-03-16,1569.68,Credit,1349.99,Glasgow
TXN00322,CUST0068,2025-02-20,578.66,Debit,4470.85,Leeds
TXN00323,CUST0033,2025-01-15,871.21,Debit,8606.21,Glasgow
TXN00324,CUST0142,2025-03-09,1374.03,Credit,8633.46,Glasgow
TXN00325,CUST0021,2025-01-21,671.59,Debit,1442.76,Glasgow
TXN00326,CUST0048,2025-01-13,122.61,Credit,1361.85,London
TXN00327,CUST0148,2025-03-27,754.1,Credit,2995.61,Manchester
TXN00328,CUST0128,2025-01-19,1889.45,Credit,8810.28,London
TXN00329,CUST0136,2025-02-03,1287.05,Credit,1724.57,Glasgow
TXN00330,CUST0135,2025-03-19,1346.24,Credit,7339.97,Manchester
TXN00331,CUST0195,2025-03-09,1268.24,Debit,1461.07,Manchester
TXN00332,CUST0145,2025-02-21,405.99,Debit,6419.81,Glasgow
TXN00333,CUST0128,2025-01-27,842.48,Debit,3882.64,Manchester
TXN00334,CUST0033,2025-01-29,1504.37,Debit,7994.68,Manchester
TXN00335,CUST0176,2025-01-28,211.73,Credit,2720.06,London
TXN00336,CUST0187,2025-02-04,562.93,Debit,6572.42,Manchester
TXN00337,CUST0115,2025-01-08,559.88,Credit,2738.98,Glasgow
TXN00338,CUST0119,2025-01-16,869.72,Debit,7279.77,Birmingham
TXN00339,CUST0022,2025-02-05,1960.93,Debit,8799.94,Birmingham
TXN00340,CUST0158,2025-01-30,144.33,Debit,1704.62,Birmingham
TXN00341,CUST0038,2025-01-18,1042.21,Debit,8732.66,Glasgow
TXN00342,CUST0109,2025-01-02,366.94,Credit,6138.96,Birmingham
TXN00343,CUST0051,2025-02-18,1941.65,Debit,1707.55,London
TXN00344,CUST0182,2025-03-18,235.47,Debit,4561.65,Glasgow
TXN00345,CUST0008,2025-01-04,813.17,Credit,2028.17,Glasgow
TXN00346,CUST0027,2025-03-31,1478.39,Credit,7153.3,Glasgow
TXN00347,CUST0027,2025-03-30,1412.06,Debit,7709.25,Manchester
TXN00348,CUST0021,2025-03-16,851.23,Credit,1505.07,Manchester
TXN00349,CUST0030,2025-01-07,699.58,Credit,5308.33,Manchester
TXN00350,CUST0097,2025-03-15,801.25,Credit,8238.94,Leeds
TXN00351,CUST0028,2025-02-08,535.91,Debit,9393.55,London
TXN00352,CUST0111,2025-01-13,418.61,Credit,5378.42,Glasgow
TXN00353,CUST0192,2025-01-31,971.25,Debit,9527.65,Glasgow
TXN00354,CUST0197,2025-03-12,544.38,Debit,5589.05,Manchester
TXN00355,CUST0061,2025-03-04,582.05,Debit,4244.81,Glasgow
TXN00356,CUST0048,2025-02-25,1316.94,Debit,8557.93,Glasgow
TXN00357,CUST0147,2025-02-11,1937.39,Credit,5183.34,Birmingham
TXN00358,CUST0004,2025-03-02,1211.24,Debit,4983.07,Glasgow
TXN00359,CUST0035,2025-02-11,163.19,Credit,5157.97,Leeds
TXN00360,CUST0192,2025-02-25,160.41,Debit,8544.46,Manchester
TXN00361,CUST0049,2025-02-05,1903.33,Credit,8403.44,London
TXN00362,CUST0017,2025-03-25,601.61,Debit,4333.44,London
TXN00363,CUST0172,2025-03-09,193.21,Credit,3666.35,Birmingham
TXN00364,CUST0158,2025-01-07,1202.1,Debit,5173.32,London
TXN00365,CUST0046,2025-02-23,1251.06,Debit,5941.34,London
TXN00366,CUST0117,2025-01-01,1300.52,Credit,2764.2,Manchester
TXN00367,CUST0006,2025-02-13,542.13,Debit,8042.57,Manchester
TXN00368,CUST0099,2025-02-14,40.07,Debit,5121.59,Leeds
TXN00369,CUST0124,2025-02-16,1930.38,Debit,3673.43,Birmingham
TXN00370,CUST0037,2025-01-13,509.28,Credit,1514.8,London
TXN00371,CUST0024,2025-01-22,1355.29,Debit,2769.03,Leeds
TXN00372,CUST0093,2025-01-21,1416.19,Debit,9518.17,Birmingham
TXN00373,CUST0046,2025-03-27,1223.91,Credit,3398.45,London
TXN00374,CUST0181,2025-01-09,632.69,Credit,2104.16,London
TXN00375,CUST0095,2025-01-26,549.48,Credit,4876.39,Manchester
TXN00376,CUST0099,2025-01-09,1199.36,Credit,3417.33,Glasgow
TXN00377,CUST0188,2025-01-15,1733.53,Credit,834.01,Birmingham
TXN00378,CUST0116,2025-01-10,1894.0,Debit,3569.88,London
TXN00379,CUST0191,2025-03-29,220.75,Debit,5669.03,Birmingham
TXN00380,CUST0160,2025-02-11,318.11,Debit,5741.27,Leeds
TXN00381,CUST0161,2025-03-13,1890.03,Credit,3887.31,Leeds
TXN00382,CUST0067,2025-01-24,1475.71,Debit,4749.38,Glasgow
TXN00383,CUST0128,2025-03-21,1767.16,Credit,9672.42,London
TXN00384,CUST0018,2025-02-18,413.24,Credit,4084.81,Manchester
TXN00385,CUST0025,2025-01-26,1179.3,Debit,2953.15,London
TXN00386,CUST0054,2025-02-06,1405.27,Credit,2812.94,Birmingham
TXN00387,CUST0058,2025-03-09,1363.42,Credit,4848.76,Leeds
TXN00388,CUST0067,2025-02-19,822.22,Debit,7715.44,Birmingham
TXN00389,CUST0104,2025-01-24,40.64,Credit,2456.89,Glasgow
TXN00390,CUST0174,2025-01-19,1170.02,Credit,7238.31,Leeds
TXN00391,CUST0024,2025-03-01,513.67,Debit,700.92,Manchester
TXN00392,CUST0114,2025-02-08,906.01,Credit,4479.86,Leeds
TXN00393,CUST0032,2025-03-15,1915.59,Credit,7870.72,London
TXN00394,CUST0175,2025-03-30,804.08,Debit,3717.96,London
TXN00395,CUST0086,2025-01-18,1681.21,Debit,5855.5,Leeds
TXN00396,CUST0151,2025-01-19,385.2,Debit,2447.3,Glasgow
TXN00397,CUST0194,2025-02-05,1348.2,Debit,7548.96,London
TXN00398,CUST0127,2025-03-15,1954.24,Credit,996.65,London
TXN00399,CUST0155,2025-02-24,212.77,Credit,8599.16,Manchester
TXN00400,CUST0130,2025-03-10,26.56,Debit,2382.87,Leeds
TXN00401,CUST0017,2025-02-16,872.83,Credit,8806.78,London
TXN00402,CUST0104,2025-02-18,194.32,Credit,3849.03,Glasgow
TXN00403,CUST0161,2025-02-02,1499.28,Debit,7365.49,Birmingham
TXN00404,CUST0137,2025-01-21,1829.95,Debit,3532.64,Leeds
TXN00405,CUST0043,2025-03-22,873.7,Credit,9106.16,Manchester
TXN00406,CUST0176,2025-01-22,524.84,Debit,1703.05,London
TXN00407,CUST0039,2025-02-17,874.46,Debit,2195.94,Glasgow
TXN00408,CUST0170,2025-02-06,1449.66,Debit,5183.79,Leeds
TXN00409,CUST0026,2025-01-15,28.02,Credit,1278.42,Glasgow
TXN00410,CUST0099,2025-02-04,1183.01,Debit,2361.81,Glasgow
TXN00411,CUST0050,2025-03-12,1230.45,Credit,9465.78,Manchester
TXN00412,CUST0153,2025-02-01,1279.0,Credit,9776.65,Leeds
TXN00413,CUST0152,2025-01-11,491.62,Credit,4074.46,London
TXN00414,CUST0013,2025-01-10,1430.96,Debit,9271.22,Manchester
TXN00415,CUST0060,2025-03-14,191.87,Debit,5675.83,London
TXN00416,CUST0135,2025-03-19,406.55,Debit,3062.55,Birmingham
TXN00417,CUST0057,2025-03-18,1756.17,Debit,7172.79,Glasgow
TXN00418,CUST0036,2025-02-26,1480.06,Debit,6759.57,Birmingham
TXN00419,CUST0173,2025-01-25,37.35,Credit,9896.69,Glasgow
TXN00420,CUST0020,2025-01-02,504.27,Credit,3017.95,Manchester
TXN00421,CUST0065,2025-03-05,436.67,Credit,6884.57,London
TXN00422,CUST0008,2025-02-04,548.9,Debit,994.23,London
TXN00423,CUST0144,2025-01-07,502.64,Credit,1579.64,Manchester
TXN00424,CUST0142,2025-03-26,134.43,Credit,537.22,Leeds
TXN00425,CUST0115,2025-01-18,923.29,Debit,9994.88,Birmingham
TXN00426,CUST0143,2025-03-08,1468.14,Debit,8121.6,Birmingham
TXN00427,CUST0092,2025-02-11,1217.4,Credit,7973.87,London
TXN00428,CUST0098,2025-02-08,1349.01,Credit,5342.4,London
TXN00429,CUST0066,2025-02-10,171.49,Debit,3350.64,London
TXN00430,CUST0032,2025-03-16,1903.47,Debit,1937.01,Manchester
TXN00431,CUST0191,2025-01-24,1678.6,Debit,3204.41,Leeds
TXN00432,CUST0086,2025-03-01,1612.13,Debit,4071.73,Birmingham
TXN00433,CUST0051,2025-02-15,1647.74,Credit,7684.95,Glasgow
TXN00434,CUST0153,2025-01-19,1866.09,Credit,5626.79,Manchester
TXN00435,CUST0186,2025-03-09,1093.07,Debit,1236.09,Birmingham
TXN00436,CUST0063,2025-03-31,408.56,Credit,671.28,Leeds
TXN00437,CUST0190,2025-02-11,1237.4,Credit,1472.16,Manchester
TXN00438,CUST0125,2025-02-01,1488.33,Debit,4399.74,Birmingham
TXN00439,CUST0150,2025-02-08,1478.46,Credit,9365.33,Manchester
TXN00440,CUST0058,2025-02-05,1047.68,Credit,6555.32,Birmingham
TXN00441,CUST0058,2025-02-05,146.23,Credit,8117.35,Birmingham
TXN00442,CUST0086,2025-01-03,748.51,Debit,4930.56,Leeds
TXN00443,CUST0049,2025-03-14,1842.33,Debit,3935.83,Glasgow
TXN00444,CUST0180,2025-01-08,1173.05,Credit,1529.8,Leeds
TXN00445,CUST0170,2025-03-11,1081.28,Debit,8821.36,Birmingham
TXN00446,CUST0070,2025-02-10,545.02,Debit,7940.02,Manchester
TXN00447,CUST0015,2025-03-09,743.21,Debit,2097.12,Leeds
TXN00448,CUST0054,2025-01-13,1791.74,Credit,5366.48,Glasgow
TXN00449,CUST0188,2025-02-18,1336.26,Credit,5130.06,Birmingham
TXN00450,CUST0101,2025-03-01,1576.9,Debit,6438.37,Leeds
TXN00451,CUST0008,2025-01-02,914.15,Credit,9488.78,Leeds
TXN00452,CUST0053,2025-03-01,1264.19,Credit,6007.83,Leeds
TXN00453,CUST0060,2025-01-05,504.28,Credit,5632.06,Leeds
TXN00454,CUST0108,2025-02-13,1413.87,Credit,978.07,Manchester
TXN00455,CUST0005,2025-01-27,860.93,Credit,1097.62,Glasgow
TXN00456,CUST0103,2025-02-01,890.67,Debit,2279.79,Glasgow
TXN00457,CUST0196,2025-01-21,1302.15,Credit,808.47,Birmingham
TXN00458,CUST0006,2025-01-08,1873.2,Credit,7561.85,London
TXN00459,CUST0109,2025-03-13,137.37,Credit,7371.64,Manchester
TXN00460,CUST0116,2025-02-19,1651.24,Debit,1792.53,Birmingham
TXN00461,CUST0094,2025-03-08,591.84,Debit,8442.75,Birmingham
TXN00462,CUST0047,2025-02-13,893.4,Debit,1970.47,Leeds
TXN00463,CUST0099,2025-02-27,53.61,Credit,3361.17,London
TXN00464,CUST0055,2025-01-03,609.08,Debit,2865.28,London
TXN00465,CUST0168,2025-03-27,1010.24,Debit,4036.92,Manchester
TXN00466,CUST0052,2025-03-11,121.79,Debit,2919.31,London
TXN00467,CUST0144,2025-01-02,987.28,Debit,5145.03,Birmingham
TXN00468,CUST0013,2025-03-28,1854.95,Credit,4370.37,London
TXN00469,CUST0114,2025-02-13,219.73,Debit,9872.41,London
TXN00470,CUST0124,2025-01-02,1531.24,Debit,1031.3,Glasgow
TXN00471,CUST0106,2025-03-22,825.25,Credit,1850.72,Birmingham
TXN00472,CUST0158,2025-02-04,1313.8,Credit,1001.85,London
TXN00473,CUST0147,2025-03-28,527.87,Debit,6445.49,London
TXN00474,CUST0145,2025-01-30,327.39,Credit,1017.84,Leeds
TXN00475,CUST0120,2025-01-08,329.32,Debit,8446.18,London
TXN00476,CUST0063,2025-01-22,150.28,Credit,5363.42,London
TXN00477,CUST0019,2025-02-13,379.44,Credit,5506.57,Glasgow
TXN00478,CUST0092,2025-02-27,1331.8,Debit,5835.15,Birmingham
TXN00479,CUST0058,2025-02-05,1764.56,Credit,2122.73,Manchester
TXN00480,CUST0183,2025-03-10,1630.11,Debit,2378.06,Birmingham
TXN00481,CUST0090,2025-03-18,1373.42,Credit,3528.76,Leeds
TXN00482,CUST0117,2025-01-31,229.76,Debit,6138.22,Birmingham
TXN00483,CUST0062,2025-02-16,585.48,Credit,2496.12,London
TXN00484,CUST0023,2025-02-24,626.52,Credit,1605.15,Leeds
TXN00485,CUST0127,2025-03-21,507.41,Credit,9716.11,Birmingham
TXN00486,CUST0137,2025-03-03,1034.86,Credit,708.83,Leeds
TXN00487,CUST0140,2025-01-30,1075.75,Credit,8125.63,Manchester
TXN00488,CUST0129,2025-02-24,720.2,Debit,7986.33,Birmingham
TXN00489,CUST0058,2025-01-16,714.04,Credit,3323.53,London
TXN00490,CUST0122,2025-01-12,1658.83,Debit,1788.45,Leeds
TXN00491,CUST0001,2025-01-17,1580.69,Debit,1883.47,Glasgow
TXN00492,CUST0034,2025-01-16,622.51,Debit,7125.6,Leeds
TXN00493,CUST0096,2025-01-12,1828.44,Credit,6606.66,Glasgow
TXN00494,CUST0126,2025-01-08,1906.1,Debit,7936.08,London
TXN00495,CUST0118,2025-03-25,660.22,Credit,9406.07,Manchester
TXN00496,CUST0048,2025-01-03,715.31,Debit,7073.31,Glasgow
TXN00497,CUST0089,2025-01-16,1016.21,Debit,1980.59,Manchester
TXN00498,CUST0117,2025-01-30,1882.83,Debit,2812.7,Leeds
TXN00499,CUST0129,2025-01-23,1753.88,Debit,8500.84,London
TXN00500,CUST0016,2025-01-05,214.11,Debit,2488.41,Glasgow
TXN00501,CUST0189,2025-03-25,791.53,Credit,1188.96,Leeds
TXN00502,CUST0192,2025-03-06,1111.21,Debit,7181.16,Birmingham
TXN00503,CUST0191,2025-01-30,1011.23,Debit,4324.0,Leeds
TXN00504,CUST0069,2025-01-21,395.79,Credit,9240.38,Manchester
TXN00505,CUST0022,2025-03-25,1719.05,Credit,6677.42,London
TXN00506,CUST0093,2025-03-11,1357.11,Credit,1358.98,London
TXN00507,CUST0195,2025-01-22,1677.44,Debit,9504.64,Leeds
TXN00508,CUST0076,2025-03-23,1718.94,Debit,2956.29,Birmingham
TXN00509,CUST0154,2025-03-13,1499.23,Debit,3703.52,Manchester
TXN00510,CUST0144,2025-02-01,884.03,Debit,4321.47,Leeds
TXN00511,CUST0179,2025-02-02,1224.99,Debit,986.63,Leeds
TXN00512,CUST0086,2025-01-16,329.13,Debit,5216.9,London
TXN00513,CUST0185,2025-03-17,1350.55,Credit,1671.53,Manchester
TXN00514,CUST0029,2025-02-07,366.71,Credit,4309.22,Birmingham
TXN00515,CUST0069,2025-01-14,1390.96,Debit,3831.74,London
TXN00516,CUST0047,2025-02-05,466.9,Debit,7841.98,Leeds
TXN00517,CUST0094,2025-01-23,243.93,Debit,8130.12,London
TXN00518,CUST0190,2025-03-07,338.92,Debit,1957.42,London
TXN00519,CUST0197,2025-03-26,13.96,Debit,3982.24,Glasgow
TXN00520,CUST0144,2025-01-02,1440.29,Credit,4046.86,London
TXN00521,CUST0176,2025-03-14,1467.48,Credit,1938.4,London
TXN00522,CUST0085,2025-03-06,1034.72,Debit,8085.31,Manchester
TXN00523,CUST0039,2025-03-16,331.11,Credit,7218.67,London
TXN00524,CUST0100,2025-03-08,176.27,Debit,2308.63,Birmingham
TXN00525,CUST0033,2025-02-21,48.07,Debit,3983.86,Leeds
TXN00526,CUST0101,2025-03-03,339.84,Debit,1505.15,Manchester
TXN00527,CUST0023,2025-01-23,1782.8,Credit,6467.96,London
TXN00528,CUST0010,2025-01-26,490.66,Credit,1653.03,Birmingham
TXN00529,CUST0069,2025-03-09,715.0,Debit,9866.37,Leeds
TXN00530,CUST0100,2025-03-23,219.64,Credit,7916.48,Manchester
TXN00531,CUST0034,2025-02-24,452.5,Credit,4207.27,Birmingham
TXN00532,CUST0180,2025-01-06,1043.26,Debit,5996.36,London
TXN00533,CUST0138,2025-02-04,1219.43,Credit,9157.75,Glasgow
TXN00534,CUST0147,2025-01-22,498.25,Credit,5763.94,Glasgow
TXN00535,CUST0186,2025-02-12,124.89,Debit,2157.74,Manchester
TXN00536,CUST0096,2025-01-15,788.16,Debit,4097.68,Birmingham
TXN00537,CUST0001,2025-03-27,476.06,Credit,8509.88,Leeds
TXN00538,CUST0069,2025-03-01,446.91,Debit,6620.02,Birmingham
TXN00539,CUST0004,2025-01-12,1920.13,Credit,6681.88,Glasgow
TXN00540,CUST0016,2025-02-18,1236.44,Debit,8734.8,Manchester
TXN00541,CUST0024,2025-02-11,1118.19,Debit,8992.74,London
TXN00542,CUST0080,2025-02-07,837.39,Debit,9238.03,Birmingham
TXN00543,CUST0002,2025-03-23,863.6,Debit,1401.07,Glasgow
TXN00544,CUST0128,2025-02-14,1086.4,Credit,5669.2,Leeds
TXN00545,CUST0160,2025-02-04,1395.9,Debit,7534.84,Manchester
TXN00546,CUST0084,2025-01-30,1407.27,Debit,7690.81,London
TXN00547,CUST0152,2025-03-29,351.67,Debit,6263.8,Birmingham
TXN00548,CUST0140,2025-01-30,1005.22,Credit,2084.48,Leeds
TXN00549,CUST0178,2025-03-19,829.8,Credit,8075.5,London
TXN00550,CUST0163,2025-01-06,1742.35,Debit,7341.06,Glasgow
TXN00551,CUST0124,2025-03-08,1266.52,Debit,1318.29,Glasgow
TXN00552,CUST0033,2025-03-21,1069.68,Debit,4906.19,Leeds
TXN00553,CUST0161,2025-01-07,239.64,Debit,2152.79,Glasgow
TXN00554,CUST0189,2025-02-21,1215.22,Debit,3706.03,Manchester
TXN00555,CUST0179,2025-01-14,243.24,Debit,671.77,Leeds
TXN00556,CUST0171,2025-03-14,681.04,Credit,4303.13,Glasgow
TXN00557,CUST0101,2025-01-15,294.26,Debit,5723.83,Birmingham
TXN00558,CUST0012,2025-01-21,1387.23,Debit,6386.03,Glasgow
TXN00559,CUST0067,2025-02-04,420.44,Debit,6803.16,Manchester
TXN00560,CUST0065,2025-03-07,789.8,Debit,8444.77,London
TXN00561,CUST0161,2025-01-02,1792.39,Debit,2546.9,London
TXN00562,CUST0168,2025-02-04,416.59,Debit,1644.58,Glasgow
TXN00563,CUST0074,2025-03-23,1020.53,Credit,8589.6,London
TXN00564,CUST0043,2025-03-19,844.35,Credit,1987.82,Glasgow
TXN00565,CUST0044,2025-01-20,46.07,Credit,9760.22,Manchester
TXN00566,CUST0029,2025-03-23,1587.59,Credit,8504.11,London
TXN00567,CUST0141,2025-01-10,147.4,Credit,5258.33,Birmingham
TXN00568,CUST0012,2025-01-25,953.77,Credit,9823.5,Glasgow
TXN00569,CUST0095,2025-03-07,1125.75,Debit,1425.08,London
TXN00570,CUST0046,2025-01-25,1260.57,Debit,3379.12,Manchester
TXN00571,CUST0130,2025-02-23,1380.38,Debit,6563.13,Manchester
TXN00572,CUST0035,2025-02-02,514.01,Debit,3825.07,Birmingham
TXN00573,CUST0081,2025-02-05,29.86,Debit,9319.54,Manchester
TXN00574,CUST0090,2025-01-14,1449.65,Debit,1123.45,Manchester
TXN00575,CUST0008,2025-03-06,1075.96,Credit,5719.41,London
TXN00576,CUST0093,2025-03-21,1673.87,Debit,6113.23,Glasgow
TXN00577,CUST0154,2025-02-23,1644.56,Credit,6700.92,Leeds
TXN00578,CUST0090,2025-02-21,1688.22,Credit,2928.83,Manchester
TXN00579,CUST0162,2025-01-03,975.34,Debit,3963.38,Manchester
TXN00580,CUST0115,2025-02-10,673.92,Debit,8514.97,Leeds
TXN00581,CUST0105,2025-01-06,1585.2,Debit,2351.96,Manchester
TXN00582,CUST0135,2025-01-25,908.08,Debit,8355.24,London
TXN00583,CUST0196,2025-01-13,375.05,Debit,5845.23,London
TXN00584,CUST0058,2025-01-08,1711.4,Debit,7740.78,Leeds
TXN00585,CUST0114,2025-01-21,1766.29,Debit,7279.27,Manchester
TXN00586,CUST0075,2025-03-09,937.96,Credit,2471.36,Manchester
TXN00587,CUST0157,2025-01-25,160.64,Debit,5903.72,Glasgow
TXN00588,CUST0120,2025-03-20,781.77,Debit,8743.37,Manchester
TXN00589,CUST0164,2025-03-09,1609.04,Credit,4605.1,London
TXN00590,CUST0021,2025-02-14,1804.53,Debit,9682.61,Birmingham
TXN00591,CUST0164,2025-03-01,414.91,Debit,4796.04,Birmingham
TXN00592,CUST0138,2025-01-12,143.28,Credit,1856.46,Birmingham
TXN00593,CUST0101,2025-02-01,1755.93,Debit,4199.63,Birmingham
TXN00594,CUST0152,2025-01-13,784.92,Debit,9541.17,Manchester
TXN00595,CUST0192,2025-01-31,1088.1,Debit,3537.35,Manchester
TXN00596,CUST0177,2025-03-19,1936.45,Debit,8746.93,Glasgow
TXN00597,CUST0099,2025-01-20,142.46,Debit,8871.88,Manchester
TXN00598,CUST0036,2025-01-18,1300.15,Debit,3826.77,Birmingham
TXN00599,CUST0096,2025-03-01,157.47,Credit,1290.95,Leeds
TXN00600,CUST0152,2025-03-04,757.18,Debit,7383.3,Leeds
TXN00601,CUST0151,2025-01-06,1609.59,Debit,3459.37,London
TXN00602,CUST0190,2025-02-01,872.61,Credit,7937.77,London
TXN00603,CUST0037,2025-02-12,1994.39,Credit,4705.22,Manchester
TXN00604,CUST0012,2025-01-02,1122.53,Debit,5110.03,Leeds
TXN00605,CUST0113,2025-03-01,649.11,Credit,7890.14,Birmingham
TXN00606,CUST0183,2025-01-23,448.02,Debit,4132.45,Birmingham
TXN00607,CUST0013,2025-03-24,707.54,Debit,4709.71,Birmingham
TXN00608,CUST0023,2025-01-31,751.34,Credit,4073.81,Manchester
TXN00609,CUST0099,2025-01-05,146.74,Debit,3989.73,Manchester
TXN00610,CUST0105,2025-03-24,745.45,Debit,5496.49,Glasgow
TXN00611,CUST0030,2025-02-03,933.83,Credit,8183.59,Birmingham
TXN00612,CUST0017,2025-01-10,1448.25,Credit,3936.8,Birmingham
TXN00613,CUST0113,2025-03-30,1316.89,Credit,5480.42,Manchester
TXN00614,CUST0062,2025-01-02,1420.44,Credit,6871.91,Manchester
TXN00615,CUST0084,2025-01-11,26.64,Debit,3059.67,Glasgow
TXN00616,CUST0112,2025-02-19,443.16,Credit,3136.47,Glasgow
TXN00617,CUST0086,2025-01-31,1326.75,Credit,9367.42,London
TXN00618,CUST0141,2025-02-25,973.14,Credit,7373.58,Leeds
TXN00619,CUST0187,2025-03-20,20.57,Credit,5983.27,Birmingham
TXN00620,CUST0019,2025-03-14,1610.94,Credit,6653.34,Birmingham
TXN00621,CUST0177,2025-03-28,1547.89,Debit,778.34,Glasgow
TXN00622,CUST0100,2025-03-24,1101.35,Credit,6371.98,Glasgow
TXN00623,CUST0140,2025-01-09,142.26,Debit,5340.33,London
TXN00624,CUST0189,2025-01-21,1535.36,Credit,5684.62,Leeds
TXN00625,CUST0147,2025-03-14,1171.59,Credit,3914.53,London
TXN00626,CUST0076,2025-01-28,1566.1,Credit,1274.0,Leeds
TXN00627,CUST0009,2025-03-03,1505.98,Credit,2336.72,Birmingham
TXN00628,CUST0199,2025-01-07,1607.97,Credit,9532.07,London
TXN00629,CUST0028,2025-03-21,1040.84,Credit,4382.65,Glasgow
TXN00630,CUST0128,2025-01-16,289.25,Credit,4933.49,London
TXN00631,CUST0052,2025-01-04,1345.6,Credit,1000.74,London
TXN00632,CUST0083,2025-01-04,1244.74,Debit,856.88,Birmingham
TXN00633,CUST0111,2025-02-09,1487.08,Credit,7313.22,Glasgow
TXN00634,CUST0144,2025-01-17,348.06,Debit,5611.9,Glasgow
TXN00635,CUST0117,2025-02-21,398.0,Credit,5332.71,Manchester
TXN00636,CUST0069,2025-02-21,1781.91,Debit,2809.68,Manchester
TXN00637,CUST0099,2025-02-05,1502.46,Credit,7575.13,Manchester
TXN00638,CUST0140,2025-02-07,1817.37,Credit,2098.25,Birmingham
TXN00639,CUST0025,2025-02-19,1519.84,Credit,2304.38,London
TXN00640,CUST0180,2025-03-04,1198.34,Debit,4876.77,Glasgow
TXN00641,CUST0123,2025-03-04,1311.72,Debit,3219.66,Glasgow
TXN00642,CUST0053,2025-03-03,1779.36,Debit,2850.9,London
TXN00643,CUST0151,2025-01-07,1161.83,Debit,6629.76,Glasgow
TXN00644,CUST0144,2025-01-27,1268.46,Credit,6684.23,London
TXN00645,CUST0057,2025-03-27,321.39,Credit,8332.91,Birmingham
TXN00646,CUST0039,2025-01-14,953.1,Credit,4468.23,Birmingham
TXN00647,CUST0109,2025-03-12,1435.63,Debit,1194.31,Birmingham
TXN00648,CUST0181,2025-03-27,549.18,Credit,3099.83,London
TXN00649,CUST0042,2025-01-05,412.49,Debit,9810.05,London
TXN00650,CUST0186,2025-02-24,634.52,Debit,6164.46,Leeds
TXN00651,CUST0167,2025-01-02,490.59,Debit,7242.5,Glasgow
TXN00652,CUST0142,2025-03-03,437.68,Debit,569.9,Glasgow
TXN00653,CUST0122,2025-01-21,855.45,Debit,5422.95,Leeds
TXN00654,CUST0133,2025-03-20,1816.6,Credit,856.52,Leeds
TXN00655,CUST0163,2025-01-21,1019.05,Debit,5907.69,Birmingham
TXN00656,CUST0075,2025-01-10,383.96,Debit,9247.32,Leeds
TXN00657,CUST0146,2025-03-28,163.17,Credit,9699.98,London
TXN00658,CUST0076,2025-02-27,1395.35,Debit,5635.25,Manchester
TXN00659,CUST0009,2025-02-08,771.77,Debit,4852.95,London
TXN00660,CUST0074,2025-01-05,1645.44,Credit,9477.66,Leeds
TXN00661,CUST0186,2025-03-06,1322.43,Credit,6899.29,Glasgow
TXN00662,CUST0145,2025-01-13,1594.52,Credit,1116.54,London
TXN00663,CUST0007,2025-03-26,551.17,Debit,4924.39,Glasgow
TXN00664,CUST0174,2025-03-31,1387.79,Credit,2782.33,London
TXN00665,CUST0141,2025-03-26,535.48,Credit,4963.14,Glasgow
TXN00666,CUST0168,2025-02-22,1878.75,Credit,4826.92,London
TXN00667,CUST0170,2025-03-23,1276.38,Debit,6030.38,Glasgow
TXN00668,CUST0137,2025-02-14,655.78,Credit,3889.32,Manchester
TXN00669,CUST0178,2025-02-01,546.33,Debit,2060.57,Birmingham
TXN00670,CUST0027,2025-02-05,389.94,Debit,5285.33,London
TXN00671,CUST0122,2025-03-22,1392.34,Credit,8386.93,Manchester
TXN00672,CUST0194,2025-03-01,445.24,Debit,6808.12,Birmingham
TXN00673,CUST0005,2025-01-11,1194.65,Debit,3714.49,London
TXN00674,CUST0029,2025-03-04,536.62,Credit,9387.47,Manchester
TXN00675,CUST0165,2025-01-21,1327.32,Debit,9165.97,Manchester
TXN00676,CUST0166,2025-02-21,1631.73,Credit,2488.81,Manchester
TXN00677,CUST0083,2025-02-24,1558.27,Debit,874.47,Leeds
TXN00678,CUST0136,2025-01-26,1524.09,Debit,7542.43,Glasgow
TXN00679,CUST0109,2025-03-09,383.57,Credit,8362.3,Birmingham
TXN00680,CUST0065,2025-02-03,185.89,Credit,9694.71,Glasgow
TXN00681,CUST0086,2025-02-21,1400.91,Debit,8953.45,Glasgow
TXN00682,CUST0145,2025-03-23,743.01,Debit,6205.08,Glasgow
TXN00683,CUST0071,2025-02-21,870.37,Credit,5535.5,Manchester
TXN00684,CUST0045,2025-01-29,71.99,Debit,764.49,Glasgow
TXN00685,CUST0132,2025-02-07,526.56,Debit,2843.24,Leeds
TXN00686,CUST0036,2025-02-11,77.02,Debit,4866.34,London
TXN00687,CUST0070,2025-01-21,1759.58,Debit,6470.79,Manchester
TXN00688,CUST0159,2025-02-11,494.36,Credit,5793.89,Birmingham
TXN00689,CUST0019,2025-01-13,1119.1,Credit,7555.04,London
TXN00690,CUST0189,2025-03-05,87.57,Credit,3157.79,London
TXN00691,CUST0108,2025-01-17,1337.03,Credit,5867.05,London
TXN00692,CUST0182,2025-01-09,652.82,Credit,1337.35,Glasgow
TXN00693,CUST0167,2025-02-10,1796.86,Credit,4429.82,Glasgow
TXN00694,CUST0091,2025-01-01,1777.36,Debit,7626.53,Manchester
TXN00695,CUST0090,2025-01-02,657.33,Credit,7087.31,Glasgow
TXN00696,CUST0019,2025-03-01,1802.91,Debit,9911.11,Glasgow
TXN00697,CUST0039,2025-02-17,1992.35,Debit,3139.97,Glasgow
TXN00698,CUST0126,2025-01-29,1652.58,Debit,5232.8,Manchester
TXN00699,CUST0195,2025-01-10,1691.29,Credit,3630.54,Manchester
TXN00700,CUST0173,2025-02-27,505.53,Debit,4685.73,Leeds
TXN00701,CUST0141,2025-03-01,1157.64,Credit,8641.03,Leeds
TXN00702,CUST0126,2025-01-21,143.84,Debit,6999.99,Leeds
TXN00703,CUST0058,2025-01-28,198.89,Debit,8883.19,Leeds
TXN00704,CUST0148,2025-03-16,1997.8,Credit,2433.36,London
TXN00705,CUST0200,2025-02-03,660.01,Debit,8796.93,London
TXN00706,CUST0061,2025-01-08,1498.89,Debit,1067.74,Leeds
TXN00707,CUST0127,2025-02-28,1615.26,Debit,8941.69,Leeds
TXN00708,CUST0105,2025-03-27,1717.47,Debit,3626.2,Birmingham
TXN00709,CUST0167,2025-03-13,1995.28,Credit,3488.58,London
TXN00710,CUST0001,2025-02-18,490.58,Debit,5364.84,Birmingham
TXN00711,CUST0131,2025-03-20,90.3,Debit,9436.56,Birmingham
TXN00712,CUST0092,2025-01-17,828.27,Credit,953.92,Glasgow
TXN00713,CUST0190,2025-03-01,268.86,Debit,3846.19,Manchester
TXN00714,CUST0191,2025-03-28,54.63,Debit,8637.43,London
TXN00715,CUST0113,2025-03-29,727.25,Debit,4262.52,Leeds
TXN00716,CUST0153,2025-02-14,1569.64,Debit,2391.99,Leeds
TXN00717,CUST0056,2025-03-24,1136.7,Credit,4535.54,Manchester
TXN00718,CUST0161,2025-03-10,632.43,Debit,4162.75,London
TXN00719,CUST0166,2025-02-01,1312.14,Credit,9196.45,Leeds
TXN00720,CUST0117,2025-02-13,471.72,Debit,7738.38,Leeds
TXN00721,CUST0134,2025-03-06,38.62,Debit,5298.6,Glasgow
TXN00722,CUST0058,2025-03-28,1531.06,Debit,9889.52,Birmingham
TXN00723,CUST0044,2025-01-08,1251.25,Credit,4920.14,Leeds
TXN00724,CUST0173,2025-03-18,1526.98,Debit,1053.26,London
TXN00725,CUST0160,2025-03-13,87.49,Debit,2991.61,Manchester
TXN00726,CUST0173,2025-03-28,1675.87,Credit,4642.67,Glasgow
TXN00727,CUST0061,2025-02-12,1242.86,Credit,1990.57,London
TXN00728,CUST0047,2025-01-01,1131.16,Credit,9501.87,Glasgow
TXN00729,CUST0149,2025-02-20,1252.98,Credit,7785.06,Birmingham
TXN00730,CUST0080,2025-01-24,1730.22,Debit,3048.73,Leeds
TXN00731,CUST0118,2025-01-24,1178.0,Debit,6112.64,London
TXN00732,CUST0164,2025-01-17,1166.09,Debit,7353.77,Manchester
TXN00733,CUST0147,2025-01-05,1981.45,Debit,9442.15,Birmingham
TXN00734,CUST0020,2025-01-20,1515.89,Credit,8875.54,Birmingham
TXN00735,CUST0185,2025-01-21,890.16,Debit,5394.33,Glasgow
TXN00736,CUST0146,2025-02-27,1417.72,Debit,7859.2,Birmingham
TXN00737,CUST0047,2025-01-31,784.57,Debit,5840.38,London
TXN00738,CUST0049,2025-01-11,465.46,Debit,5750.69,Glasgow
TXN00739,CUST0014,2025-02-21,1197.74,Credit,1590.05,Birmingham
TXN00740,CUST0143,2025-01-15,1857.08,Debit,1698.31,Manchester
TXN00741,CUST0159,2025-03-24,1858.99,Debit,5530.57,London
TXN00742,CUST0001,2025-01-07,690.39,Debit,3054.18,Manchester
TXN00743,CUST0117,2025-01-28,1060.08,Credit,699.85,Manchester
TXN00744,CUST0054,2025-02-20,431.16,Credit,7366.97,Glasgow
TXN00745,CUST0118,2025-02-27,1991.31,Debit,808.62,Leeds
TXN00746,CUST0003,2025-01-05,1962.42,Debit,6155.13,Glasgow
TXN00747,CUST0144,2025-01-05,1302.52,Debit,5622.34,London
TXN00748,CUST0185,2025-01-08,1610.78,Credit,9703.74,London
TXN00749,CUST0012,2025-03-05,1433.05,Debit,5100.02,Glasgow
TXN00750,CUST0074,2025-01-10,1190.38,Debit,1104.21,Leeds
TXN00751,CUST0016,2025-02-07,116.16,Debit,5741.04,Glasgow
TXN00752,CUST0200,2025-03-22,914.98,Credit,8490.41,London
TXN00753,CUST0102,2025-01-08,1352.82,Debit,9970.07,Leeds
TXN00754,CUST0152,2025-01-25,1358.29,Debit,4588.26,London
TXN00755,CUST0156,2025-03-14,752.51,Credit,3542.84,Leeds
TXN00756,CUST0117,2025-03-07,1883.97,Credit,9113.21,Leeds
TXN00757,CUST0008,2025-03-20,343.04,Debit,2316.8,Glasgow
TXN00758,CUST0122,2025-02-19,1005.72,Credit,6346.57,Glasgow
TXN00759,CUST0092,2025-03-08,1384.86,Debit,4354.29,Glasgow
TXN00760,CUST0164,2025-02-18,1397.3,Credit,890.28,Leeds
TXN00761,CUST0090,2025-02-05,1300.79,Credit,3799.24,Leeds
TXN00762,CUST0136,2025-03-09,557.82,Debit,3019.67,London
TXN00763,CUST0186,2025-03-19,320.85,Debit,7017.87,Manchester
TXN00764,CUST0060,2025-02-10,1275.52,Debit,9513.51,Glasgow
TXN00765,CUST0178,2025-03-30,1202.61,Credit,3046.45,London
TXN00766,CUST0028,2025-03-03,366.92,Debit,8208.93,London
TXN00767,CUST0101,2025-01-10,1413.23,Debit,1025.92,Birmingham
TXN00768,CUST0041,2025-01-21,915.79,Debit,5612.15,Glasgow
TXN00769,CUST0192,2025-02-05,1338.84,Debit,1170.23,London
TXN00770,CUST0155,2025-01-12,1676.36,Debit,9373.31,Birmingham
TXN00771,CUST0191,2025-01-02,347.76,Credit,7780.34,Glasgow
TXN00772,CUST0145,2025-01-13,48.1,Debit,6750.52,Leeds
TXN00773,CUST0161,2025-02-22,1560.41,Debit,8327.02,Birmingham
TXN00774,CUST0157,2025-02-01,1223.3,Credit,6651.44,Leeds
TXN00775,CUST0141,2025-01-16,1402.28,Debit,9704.97,Manchester
TXN00776,CUST0046,2025-02-01,1677.93,Debit,7282.6,Manchester
TXN00777,CUST0035,2025-02-01,1607.59,Debit,9284.26,Manchester
TXN00778,CUST0134,2025-01-11,1922.23,Debit,5412.75,Manchester
TXN00779,CUST0082,2025-01-10,1076.51,Debit,1612.11,London
TXN00780,CUST0115,2025-01-15,982.11,Credit,5517.69,Manchester
TXN00781,CUST0197,2025-01-17,809.76,Credit,1705.29,London
TXN00782,CUST0047,2025-02-09,315.85,Credit,6128.69,London
TXN00783,CUST0153,2025-01-18,1149.49,Debit,5083.68,Glasgow
TXN00784,CUST0194,2025-02-24,561.25,Credit,6414.47,London
TXN00785,CUST0010,2025-03-14,1843.4,Debit,595.45,London
TXN00786,CUST0056,2025-01-25,1170.55,Debit,2350.98,Manchester
TXN00787,CUST0030,2025-02-28,1189.75,Debit,5167.64,London
TXN00788,CUST0109,2025-03-19,716.3,Credit,9529.78,Leeds
TXN00789,CUST0005,2025-03-30,113.46,Credit,4144.29,Manchester
TXN00790,CUST0119,2025-01-22,73.17,Credit,4531.53,Birmingham
TXN00791,CUST0033,2025-01-30,852.44,Debit,7289.61,Manchester
TXN00792,CUST0118,2025-03-25,178.29,Credit,6236.03,London
TXN00793,CUST0065,2025-03-26,1217.63,Debit,3339.8,Leeds
TXN00794,CUST0146,2025-02-13,1763.14,Credit,4402.76,Manchester
TXN00795,CUST0177,2025-02-01,1767.0,Credit,2568.15,Leeds
TXN00796,CUST0011,2025-02-20,1321.5,Debit,9677.2,Birmingham
TXN00797,CUST0085,2025-02-15,430.35,Debit,1741.03,Birmingham
TXN00798,CUST0026,2025-01-21,1727.36,Credit,4032.45,Glasgow
TXN00799,CUST0063,2025-02-01,1773.33,Credit,745.47,Glasgow
TXN00800,CUST0086,2025-02-08,401.34,Credit,2606.91,Manchester
TXN00801,CUST0059,2025-01-12,1477.48,Debit,7914.48,Glasgow
TXN00802,CUST0027,2025-02-16,580.17,Debit,2411.16,Leeds
TXN00803,CUST0177,2025-01-18,1607.25,Credit,1260.6,Glasgow
TXN00804,CUST0161,2025-01-21,1994.5,Credit,5007.31,Leeds
TXN00805,CUST0098,2025-01-13,69.75,Debit,594.71,Glasgow
TXN00806,CUST0105,2025-01-21,1795.76,Credit,1305.28,Glasgow
TXN00807,CUST0099,2025-01-08,1249.03,Debit,8172.45,Glasgow
TXN00808,CUST0129,2025-02-15,1947.03,Debit,7829.0,London
TXN00809,CUST0149,2025-01-07,935.37,Debit,9193.82,London
TXN00810,CUST0055,2025-01-23,1696.3,Debit,8617.9,Glasgow
TXN00811,CUST0006,2025-03-16,134.16,Debit,6990.17,Leeds
TXN00812,CUST0197,2025-03-27,677.21,Debit,997.16,Manchester
TXN00813,CUST0095,2025-01-22,143.36,Credit,7937.06,Birmingham
TXN00814,CUST0133,2025-03-30,1950.93,Debit,8532.35,London
TXN00815,CUST0102,2025-01-22,1635.78,Debit,8091.28,Glasgow
TXN00816,CUST0003,2025-01-29,1706.57,Credit,5330.55,Birmingham
TXN00817,CUST0181,2025-01-13,1876.55,Debit,2712.57,London
TXN00818,CUST0023,2025-03-23,179.36,Credit,8530.63,Manchester
TXN00819,CUST0053,2025-01-02,777.34,Debit,7408.05,Leeds
TXN00820,CUST0165,2025-01-29,151.36,Credit,9817.23,Glasgow
TXN00821,CUST0083,2025-03-26,429.48,Credit,1979.08,Manchester
TXN00822,CUST0145,2025-03-20,466.44,Debit,2643.81,London
TXN00823,CUST0085,2025-02-21,943.52,Debit,2512.08,Glasgow
TXN00824,CUST0078,2025-01-27,544.44,Debit,8029.13,Birmingham
TXN00825,CUST0110,2025-02-19,210.95,Debit,2275.62,Leeds
TXN00826,CUST0001,2025-03-20,343.31,Credit,1133.27,London
TXN00827,CUST0051,2025-01-23,303.08,Credit,9986.33,Leeds
TXN00828,CUST0173,2025-03-29,1946.42,Credit,735.76,Glasgow
TXN00829,CUST0004,2025-02-13,1520.99,Debit,8434.82,Manchester
TXN00830,CUST0190,2025-03-18,1935.85,Credit,3970.98,Leeds
TXN00831,CUST0193,2025-01-22,885.08,Debit,8495.35,Birmingham
TXN00832,CUST0113,2025-02-12,563.95,Debit,5768.89,London
TXN00833,CUST0032,2025-02-06,1598.6,Credit,9065.5,Birmingham
TXN00834,CUST0034,2025-03-02,659.25,Debit,9298.83,Leeds
TXN00835,CUST0092,2025-02-25,605.77,Credit,586.43,Manchester
TXN00836,CUST0095,2025-01-03,472.69,Debit,1216.42,Manchester
TXN00837,CUST0072,2025-03-04,268.06,Credit,2878.41,Birmingham
TXN00838,CUST0039,2025-01-19,520.36,Debit,6858.5,Glasgow
TXN00839,CUST0154,2025-01-23,717.09,Credit,8938.59,Glasgow
TXN00840,CUST0162,2025-01-29,1351.25,Credit,4869.45,Manchester
TXN00841,CUST0182,2025-01-30,134.5,Debit,6266.24,Birmingham
TXN00842,CUST0118,2025-02-08,428.91,Debit,2290.75,Birmingham
TXN00843,CUST0003,2025-01-25,1619.96,Credit,8147.18,Birmingham
TXN00844,CUST0123,2025-01-08,302.37,Debit,9689.62,Leeds
TXN00845,CUST0050,2025-02-27,691.86,Debit,3051.69,Glasgow
TXN00846,CUST0012,2025-01-16,1730.67,Debit,5200.85,Glasgow
TXN00847,CUST0193,2025-03-13,318.3,Credit,1318.1,Leeds
TXN00848,CUST0054,2025-01-01,174.65,Credit,5811.8,London
TXN00849,CUST0133,2025-01-05,974.23,Debit,5276.44,Leeds
TXN00850,CUST0057,2025-01-03,611.81,Debit,1872.15,Birmingham
TXN00851,CUST0145,2025-03-06,1131.18,Credit,4699.63,Leeds
TXN00852,CUST0112,2025-01-04,1609.57,Debit,3673.99,Birmingham
TXN00853,CUST0047,2025-03-05,282.93,Credit,5457.39,Manchester
TXN00854,CUST0151,2025-03-30,1165.59,Debit,6063.72,Birmingham
TXN00855,CUST0085,2025-01-10,1015.96,Debit,580.71,Glasgow
TXN00856,CUST0142,2025-01-21,296.72,Debit,7729.56,Leeds
TXN00857,CUST0066,2025-02-15,1251.76,Credit,7273.64,Birmingham
TXN00858,CUST0075,2025-01-27,554.54,Credit,3979.72,London
TXN00859,CUST0179,2025-03-07,980.79,Credit,1002.89,Manchester
TXN00860,CUST0103,2025-02-10,173.72,Credit,7671.86,London
TXN00861,CUST0166,2025-01-13,924.57,Debit,9574.16,London
TXN00862,CUST0192,2025-01-09,619.86,Debit,2781.44,London
TXN00863,CUST0038,2025-02-05,1646.54,Credit,3573.48,Manchester
TXN00864,CUST0050,2025-03-27,123.39,Debit,2246.22,Manchester
TXN00865,CUST0098,2025-03-31,843.03,Debit,5980.89,Manchester
TXN00866,CUST0082,2025-02-27,922.28,Credit,1970.99,Manchester
TXN00867,CUST0030,2025-02-23,1452.76,Debit,3883.84,London
TXN00868,CUST0079,2025-01-12,1152.83,Debit,7121.62,Glasgow
TXN00869,CUST0091,2025-03-22,1337.75,Credit,5821.1,Glasgow
TXN00870,CUST0179,2025-03-19,1556.33,Debit,4171.39,Manchester
TXN00871,CUST0191,2025-01-14,1725.78,Debit,4492.37,Leeds
TXN00872,CUST0052,2025-02-03,634.61,Debit,5840.05,Birmingham
TXN00873,CUST0166,2025-02-22,1080.67,Credit,555.71,Leeds
TXN00874,CUST0079,2025-01-20,1681.82,Credit,1245.84,Leeds
TXN00875,CUST0030,2025-03-16,1979.01,Debit,8871.95,Leeds
TXN00876,CUST0106,2025-01-16,1780.14,Debit,1239.85,Glasgow
TXN00877,CUST0051,2025-03-11,749.22,Debit,7214.63,Birmingham
TXN00878,CUST0081,2025-02-25,398.38,Credit,9240.36,Leeds
TXN00879,CUST0133,2025-03-24,983.89,Credit,3071.49,Manchester
TXN00880,CUST0029,2025-02-27,1485.87,Credit,4019.67,Glasgow
TXN00881,CUST0132,2025-01-04,990.21,Debit,5904.75,Manchester
TXN00882,CUST0138,2025-01-04,971.53,Debit,8876.24,Manchester
TXN00883,CUST0184,2025-01-20,1678.08,Debit,9448.1,Leeds
TXN00884,CUST0145,2025-01-10,729.19,Debit,7525.85,Manchester
TXN00885,CUST0074,2025-01-24,1720.99,Debit,1322.89,Birmingham
TXN00886,CUST0017,2025-01-26,819.54,Credit,6856.96,Manchester
TXN00887,CUST0084,2025-02-06,663.18,Debit,4397.89,Leeds
TXN00888,CUST0069,2025-03-26,913.44,Debit,4971.66,Manchester
TXN00889,CUST0034,2025-02-23,1527.27,Debit,966.91,Glasgow
TXN00890,CUST0006,2025-01-21,260.74,Credit,2315.09,Glasgow
TXN00891,CUST0053,2025-03-15,400.87,Debit,8009.88,Glasgow
TXN00892,CUST0194,2025-02-07,1903.38,Credit,4812.61,London
TXN00893,CUST0126,2025-02-15,359.23,Credit,3365.79,Glasgow
TXN00894,CUST0043,2025-01-04,1139.78,Credit,4148.18,Glasgow
TXN00895,CUST0115,2025-03-01,1162.84,Credit,8616.8,London
TXN00896,CUST0111,2025-02-26,984.35,Credit,7615.49,Glasgow
TXN00897,CUST0151,2025-02-14,1293.04,Debit,3087.0,Leeds
TXN00898,CUST0183,2025-01-20,467.36,Debit,1616.27,Glasgow
TXN00899,CUST0080,2025-01-17,1109.8,Credit,2893.98,Glasgow
TXN00900,CUST0095,2025-03-12,750.62,Credit,9247.19,London
TXN00901,CUST0118,2025-01-04,1326.72,Credit,6025.09,Leeds
TXN00902,CUST0144,2025-01-14,291.03,Debit,5568.06,Manchester
TXN00903,CUST0008,2025-01-03,1146.05,Debit,6165.74,Birmingham
TXN00904,CUST0132,2025-03-29,378.69,Credit,3977.27,Leeds
TXN00905,CUST0104,2025-03-21,564.5,Debit,8167.52,Manchester
TXN00906,CUST0132,2025-02-27,445.23,Debit,5471.22,Leeds
TXN00907,CUST0184,2025-02-24,373.85,Credit,1609.11,Manchester
TXN00908,CUST0025,2025-01-04,1653.16,Credit,1726.12,Manchester
TXN00909,CUST0195,2025-01-24,578.56,Debit,5600.16,Leeds
TXN00910,CUST0096,2025-02-03,1854.98,Debit,9397.42,London
TXN00911,CUST0195,2025-01-30,1940.15,Debit,3429.35,Leeds
TXN00912,CUST0155,2025-03-23,1146.81,Credit,8760.64,Leeds
TXN00913,CUST0093,2025-01-19,294.57,Credit,7758.91,Manchester
TXN00914,CUST0160,2025-01-31,755.35,Credit,2854.22,Birmingham
TXN00915,CUST0178,2025-03-01,1597.49,Debit,845.24,Manchester
TXN00916,CUST0061,2025-03-01,741.11,Debit,1467.55,Glasgow
TXN00917,CUST0122,2025-01-19,183.16,Credit,7420.69,Leeds
TXN00918,CUST0051,2025-02-18,1118.0,Debit,2396.86,Leeds
TXN00919,CUST0147,2025-03-04,1691.79,Credit,4027.07,London
TXN00920,CUST0021,2025-03-24,1593.89,Debit,5266.14,Manchester
TXN00921,CUST0005,2025-01-22,358.5,Credit,7391.95,London
TXN00922,CUST0092,2025-01-24,1348.8,Debit,1575.7,Leeds
TXN00923,CUST0170,2025-03-17,448.8,Debit,4360.48,Manchester
TXN00924,CUST0061,2025-01-30,444.23,Credit,5108.19,Manchester
TXN00925,CUST0022,2025-02-27,1749.4,Credit,5637.86,Glasgow
TXN00926,CUST0149,2025-01-31,506.84,Credit,8274.43,Glasgow
TXN00927,CUST0070,2025-03-05,533.86,Credit,2130.94,Birmingham
TXN00928,CUST0001,2025-01-19,11.3,Credit,8174.4,Glasgow
TXN00929,CUST0133,2025-02-17,1742.63,Debit,7082.35,Manchester
TXN00930,CUST0012,2025-02-14,1587.26,Credit,5780.77,Glasgow
TXN00931,CUST0090,2025-02-24,1258.38,Credit,7145.51,Birmingham
TXN00932,CUST0046,2025-02-24,1503.03,Credit,4414.17,Leeds
TXN00933,CUST0034,2025-01-18,312.58,Credit,1814.78,Glasgow
TXN00934,CUST0177,2025-03-04,922.06,Credit,6824.77,Manchester
TXN00935,CUST0078,2025-02-16,708.93,Debit,5484.39,Leeds
TXN00936,CUST0045,2025-03-16,196.62,Credit,6574.06,Manchester
TXN00937,CUST0155,2025-02-26,977.4,Credit,3710.99,Leeds
TXN00938,CUST0073,2025-02-14,1842.27,Credit,9115.23,Manchester
TXN00939,CUST0026,2025-02-02,89.72,Debit,6080.01,Glasgow
TXN00940,CUST0047,2025-01-17,590.01,Debit,1311.32,Glasgow
TXN00941,CUST0121,2025-03-11,423.01,Credit,4773.14,Birmingham
TXN00942,CUST0056,2025-01-04,483.91,Credit,7685.38,Leeds
TXN00943,CUST0094,2025-01-20,1817.78,Debit,8044.28,Birmingham
TXN00944,CUST0107,2025-02-16,941.46,Debit,5198.67,London
TXN00945,CUST0063,2025-01-15,937.94,Debit,9000.1,Glasgow
TXN00946,CUST0048,2025-03-11,1523.55,Credit,3042.85,Leeds
TXN00947,CUST0061,2025-02-16,317.44,Credit,4400.69,Birmingham
TXN00948,CUST0081,2025-03-19,979.66,Debit,9036.67,Birmingham
TXN00949,CUST0026,2025-03-16,865.67,Credit,9014.44,London
TXN00950,CUST0036,2025-01-09,1197.85,Debit,7014.27,Birmingham
TXN00951,CUST0001,2025-03-31,1999.12,Debit,8660.32,Manchester
TXN00952,CUST0008,2025-01-16,1541.2,Debit,1343.35,Glasgow
TXN00953,CUST0113,2025-03-10,801.75,Credit,8717.45,Birmingham
TXN00954,CUST0099,2025-03-02,1656.83,Debit,3545.89,Birmingham
TXN00955,CUST0180,2025-01-10,349.71,Debit,2194.15,London
TXN00956,CUST0047,2025-02-19,70.62,Credit,2774.01,Manchester
TXN00957,CUST0127,2025-01-03,416.85,Debit,4470.7,Birmingham
TXN00958,CUST0056,2025-03-18,687.42,Credit,2886.32,Glasgow
TXN00959,CUST0014,2025-03-11,1026.06,Debit,3545.39,Glasgow
TXN00960,CUST0028,2025-03-22,1234.11,Credit,1782.3,Birmingham
TXN00961,CUST0078,2025-02-20,1822.11,Debit,3313.68,Manchester
TXN00962,CUST0130,2025-01-19,1024.61,Debit,5936.7,Glasgow
TXN00963,CUST0109,2025-02-11,1007.54,Debit,4697.61,Glasgow
TXN00964,CUST0154,2025-02-04,109.98,Debit,3793.83,Manchester
TXN00965,CUST0014,2025-02-15,79.47,Debit,7591.3,Manchester
TXN00966,CUST0187,2025-01-26,1106.81,Credit,8988.34,Birmingham
TXN00967,CUST0056,2025-03-10,881.98,Credit,7689.5,Leeds
TXN00968,CUST0115,2025-03-05,1679.97,Debit,3654.01,London
TXN00969,CUST0007,2025-02-06,329.75,Debit,7572.2,Leeds
TXN00970,CUST0003,2025-03-25,59.69,Debit,1943.81,Leeds
TXN00971,CUST0111,2025-02-18,903.59,Credit,1738.02,Glasgow
TXN00972,CUST0151,2025-01-21,482.58,Credit,3783.46,Manchester
TXN00973,CUST0107,2025-03-15,108.73,Debit,8173.17,Glasgow
TXN00974,CUST0018,2025-03-05,1451.95,Credit,2840.31,London
TXN00975,CUST0038,2025-01-05,232.07,Debit,1100.91,Birmingham
TXN00976,CUST0115,2025-03-11,1220.56,Debit,1751.24,London
TXN00977,CUST0015,2025-03-31,569.29,Debit,8658.08,Glasgow
TXN00978,CUST0192,2025-01-04,355.26,Credit,6520.94,Glasgow
TXN00979,CUST0119,2025-02-08,765.71,Debit,2905.41,Glasgow
TXN00980,CUST0028,2025-02-04,1604.88,Debit,5775.31,Glasgow
TXN00981,CUST0039,2025-01-01,790.27,Debit,5512.01,Leeds
TXN00982,CUST0185,2025-01-24,1504.03,Credit,6726.64,Birmingham
TXN00983,CUST0017,2025-02-26,259.72,Credit,2715.28,Leeds
TXN00984,CUST0086,2025-03-11,1547.82,Credit,8711.83,Glasgow
TXN00985,CUST0126,2025-02-10,481.5,Debit,3439.0,Manchester
TXN00986,CUST0044,2025-02-23,1358.01,Credit,7094.25,Leeds
TXN00987,CUST0025,2025-02-15,1135.91,Debit,653.18,Glasgow
TXN00988,CUST0145,2025-03-01,1859.0,Credit,4040.24,Glasgow
TXN00989,CUST0013,2025-03-01,780.77,Debit,3841.24,Birmingham
TXN00990,CUST0025,2025-02-26,141.67,Credit,5663.1,London
TXN00991,CUST0068,2025-01-31,48.12,Debit,1190.99,Leeds
TXN00992,CUST0138,2025-03-25,1655.45,Credit,8006.25,Leeds
TXN00993,CUST0067,2025-01-24,1054.22,Credit,2568.92,Leeds
TXN00994,CUST0109,2025-03-30,1552.74,Credit,6931.86,Glasgow
TXN00995,CUST0146,2025-02-05,476.51,Debit,8130.52,Birmingham
TXN00996,CUST0111,2025-03-26,696.72,Credit,5837.83,Glasgow
TXN00997,CUST0111,2025-01-30,69.91,Credit,7538.39,Glasgow
TXN00998,CUST0034,2025-01-24,1923.37,Credit,6787.67,Manchester
TXN00999,CUST0111,2025-01-30,1339.06,Credit,3877.53,Birmingham
TXN01000,CUST0008,2025-03-27,1867.08,Debit,8184.16,Leeds
TXN01001,CUST0168,2025-01-07,538.34,Credit,3299.66,London
TXN01002,CUST0113,2025-02-04,1226.81,Debit,5926.52,Leeds
TXN01003,CUST0083,2025-02-24,1360.21,Debit,7581.28,Glasgow
TXN01004,CUST0042,2025-01-14,641.92,Debit,4100.08,Birmingham
TXN01005,CUST0169,2025-01-10,1697.74,Debit,3376.29,Birmingham
TXN01006,CUST0101,2025-03-21,1894.85,Credit,4863.79,Birmingham
TXN01007,CUST0006,2025-01-16,1770.86,Debit,8270.65,Manchester
TXN01008,CUST0180,2025-02-23,1480.74,Debit,9334.26,Leeds
TXN01009,CUST0026,2025-03-30,562.15,Debit,5678.29,Manchester
TXN01010,CUST0064,2025-03-18,570.42,Debit,6783.93,London
TXN01011,CUST0187,2025-03-11,1927.09,Credit,9081.1,Glasgow
TXN01012,CUST0184,2025-02-13,30.47,Credit,1436.2,Manchester
TXN01013,CUST0059,2025-03-14,1434.94,Debit,2704.75,Manchester
TXN01014,CUST0109,2025-02-14,1415.43,Debit,7234.55,Glasgow
TXN01015,CUST0198,2025-02-25,1249.15,Debit,8325.57,Birmingham
TXN01016,CUST0121,2025-03-25,1980.32,Credit,8641.78,Glasgow
TXN01017,CUST0033,2025-03-23,630.64,Credit,4443.52,Leeds
TXN01018,CUST0181,2025-02-26,686.54,Credit,1348.73,Glasgow
TXN01019,CUST0150,2025-01-21,167.09,Credit,4658.92,Birmingham
TXN01020,CUST0021,2025-03-09,891.17,Credit,2691.98,Glasgow
TXN01021,CUST0198,2025-02-19,529.49,Debit,3266.37,Manchester
TXN01022,CUST0070,2025-02-02,693.34,Credit,7836.54,London
TXN01023,CUST0112,2025-01-07,1670.8,Credit,1217.51,Manchester
TXN01024,CUST0004,2025-03-11,1871.61,Debit,8362.02,London
TXN01025,CUST0094,2025-01-15,379.61,Credit,4562.86,Glasgow
TXN01026,CUST0075,2025-03-23,751.29,Credit,6162.61,Leeds
TXN01027,CUST0190,2025-02-01,1857.97,Credit,1351.7,Glasgow
TXN01028,CUST0062,2025-03-16,133.0,Debit,3704.91,Birmingham
TXN01029,CUST0094,2025-01-20,193.8,Credit,1352.16,Glasgow
TXN01030,CUST0095,2025-03-29,333.95,Debit,9634.67,London
TXN01031,CUST0152,2025-01-15,1194.47,Debit,8168.99,Manchester
TXN01032,CUST0055,2025-02-17,309.44,Credit,4866.51,Leeds
TXN01033,CUST0137,2025-03-12,1936.47,Credit,2624.22,Glasgow
TXN01034,CUST0131,2025-01-21,898.96,Credit,9367.82,Glasgow
TXN01035,CUST0031,2025-02-11,1008.02,Credit,3773.67,Manchester
TXN01036,CUST0040,2025-01-26,500.85,Debit,2029.35,Leeds
TXN01037,CUST0036,2025-01-14,947.21,Credit,5850.06,Glasgow
TXN01038,CUST0152,2025-02-26,1327.21,Debit,9465.85,Glasgow
TXN01039,CUST0006,2025-02-06,1504.84,Debit,536.39,London
TXN01040,CUST0066,2025-02-27,1510.2,Debit,2762.19,London
TXN01041,CUST0075,2025-01-21,1160.0,Debit,9415.25,Birmingham
TXN01042,CUST0004,2025-03-23,1809.68,Debit,2125.32,Manchester
TXN01043,CUST0079,2025-03-10,1636.64,Credit,1575.81,Leeds
TXN01044,CUST0134,2025-01-03,1516.53,Debit,5916.78,Glasgow
TXN01045,CUST0118,2025-03-28,120.65,Debit,8687.52,Glasgow
TXN01046,CUST0113,2025-03-31,23.69,Credit,5032.54,Birmingham
TXN01047,CUST0094,2025-02-06,432.77,Credit,9948.36,Glasgow
TXN01048,CUST0179,2025-03-29,1330.41,Debit,6952.13,Manchester
TXN01049,CUST0062,2025-02-18,828.28,Debit,1203.71,Birmingham
TXN01050,CUST0185,2025-01-19,810.79,Credit,9931.91,Manchester
TXN01051,CUST0194,2025-03-30,1770.33,Debit,4375.0,Birmingham
TXN01052,CUST0079,2025-03-26,1792.17,Credit,3230.32,Glasgow
TXN01053,CUST0136,2025-01-12,1819.26,Credit,5799.85,Birmingham
TXN01054,CUST0026,2025-03-02,634.62,Debit,3390.92,London
TXN01055,CUST0179,2025-02-10,1385.2,Credit,1321.35,Leeds
TXN01056,CUST0173,2025-02-02,550.55,Debit,513.57,Glasgow
TXN01057,CUST0044,2025-02-19,389.31,Debit,4771.04,Leeds
TXN01058,CUST0133,2025-03-09,377.42,Debit,8450.2,Glasgow
TXN01059,CUST0070,2025-03-12,690.79,Credit,5936.99,Leeds
TXN01060,CUST0154,2025-03-27,865.62,Debit,9992.47,London
TXN01061,CUST0118,2025-02-02,1663.59,Credit,3225.04,Leeds
TXN01062,CUST0068,2025-03-22,248.58,Debit,3164.32,Birmingham
TXN01063,CUST0019,2025-01-24,1472.5,Debit,2017.62,Leeds
TXN01064,CUST0020,2025-03-02,1067.6,Credit,2058.6,Glasgow
TXN01065,CUST0113,2025-03-02,583.01,Debit,3209.27,Manchester
TXN01066,CUST0140,2025-01-28,990.71,Debit,8031.98,Leeds
TXN01067,CUST0047,2025-02-27,606.88,Credit,9104.69,Leeds
TXN01068,CUST0001,2025-02-12,1196.2,Credit,9763.33,Leeds
TXN01069,CUST0090,2025-02-10,873.35,Credit,2706.75,Glasgow
TXN01070,CUST0142,2025-02-08,337.17,Debit,8872.33,Leeds
TXN01071,CUST0064,2025-03-27,242.0,Credit,3618.42,Glasgow
TXN01072,CUST0038,2025-02-18,1097.92,Credit,1571.99,Glasgow
TXN01073,CUST0037,2025-01-17,1805.8,Debit,8765.24,Manchester
TXN01074,CUST0126,2025-03-11,694.48,Credit,6543.0,Birmingham
TXN01075,CUST0139,2025-03-11,1468.67,Debit,2064.94,Glasgow
TXN01076,CUST0100,2025-03-06,1320.74,Debit,4583.4,London
TXN01077,CUST0077,2025-03-15,1863.79,Credit,3228.95,Leeds
TXN01078,CUST0003,2025-03-26,1643.75,Debit,7499.55,London
TXN01079,CUST0161,2025-01-05,1137.54,Credit,4807.45,Leeds
TXN01080,CUST0134,2025-01-02,1317.49,Credit,9898.16,Manchester
TXN01081,CUST0178,2025-01-22,1797.79,Credit,1020.08,Glasgow
TXN01082,CUST0010,2025-02-26,805.04,Credit,3872.65,Birmingham
TXN01083,CUST0005,2025-03-07,660.32,Debit,5078.05,Glasgow
TXN01084,CUST0151,2025-03-15,31.51,Debit,5279.77,Leeds
TXN01085,CUST0138,2025-01-16,1654.84,Credit,3501.39,Birmingham
TXN01086,CUST0172,2025-02-20,1603.95,Credit,7427.78,Glasgow
TXN01087,CUST0130,2025-02-08,217.86,Debit,8810.1,Birmingham
TXN01088,CUST0013,2025-03-27,1157.95,Credit,9417.83,Leeds
TXN01089,CUST0168,2025-03-17,933.32,Debit,8148.39,Manchester
TXN01090,CUST0130,2025-03-29,246.23,Credit,8580.51,Manchester
TXN01091,CUST0084,2025-02-09,1961.33,Debit,5730.18,Glasgow
TXN01092,CUST0065,2025-02-07,437.24,Debit,8345.94,London
TXN01093,CUST0063,2025-03-01,143.8,Debit,3383.29,Leeds
TXN01094,CUST0101,2025-02-28,1193.75,Credit,4285.55,Glasgow
TXN01095,CUST0073,2025-01-10,1480.34,Credit,3510.67,Glasgow
TXN01096,CUST0017,2025-03-05,74.56,Credit,4940.18,Manchester
TXN01097,CUST0009,2025-03-04,1320.85,Credit,3213.01,Birmingham
TXN01098,CUST0143,2025-02-18,1069.26,Credit,9635.31,Leeds
TXN01099,CUST0152,2025-03-05,215.5,Debit,3472.02,Birmingham
TXN01100,CUST0038,2025-02-01,353.32,Debit,1431.42,Leeds
TXN01101,CUST0163,2025-01-07,1140.27,Debit,5504.76,London
TXN01102,CUST0094,2025-01-21,599.75,Debit,1042.44,Manchester
TXN01103,CUST0095,2025-01-20,1877.25,Debit,1550.16,London
TXN01104,CUST0049,2025-01-26,1639.29,Debit,2584.2,Glasgow
TXN01105,CUST0069,2025-03-09,1967.3,Debit,4911.33,Manchester
TXN01106,CUST0062,2025-03-27,526.74,Credit,4615.88,Glasgow
TXN01107,CUST0188,2025-01-15,1939.75,Debit,8097.07,London
TXN01108,CUST0178,2025-03-26,868.16,Credit,7525.01,Leeds
TXN01109,CUST0078,2025-03-20,701.56,Debit,4550.02,Glasgow
TXN01110,CUST0117,2025-03-27,110.2,Debit,3670.19,Birmingham
TXN01111,CUST0120,2025-01-14,115.0,Credit,3506.45,Leeds
TXN01112,CUST0137,2025-01-27,1387.1,Debit,7852.95,Leeds
TXN01113,CUST0162,2025-02-09,921.28,Credit,994.69,London
TXN01114,CUST0076,2025-02-27,460.78,Debit,621.81,London
TXN01115,CUST0035,2025-01-28,1231.8,Credit,8057.67,Manchester
TXN01116,CUST0001,2025-01-26,513.19,Debit,5032.89,Manchester
TXN01117,CUST0040,2025-03-04,1159.49,Credit,1743.37,Birmingham
TXN01118,CUST0064,2025-03-07,724.83,Credit,2737.88,Leeds
TXN01119,CUST0150,2025-01-25,1648.87,Debit,9358.79,Birmingham
TXN01120,CUST0060,2025-01-03,1643.19,Debit,8665.28,Birmingham
TXN01121,CUST0064,2025-03-13,959.93,Credit,7242.96,London
TXN01122,CUST0093,2025-02-13,708.13,Debit,5081.14,Birmingham
TXN01123,CUST0072,2025-02-11,731.49,Credit,5443.07,Birmingham
TXN01124,CUST0011,2025-01-06,1613.37,Debit,9764.82,Glasgow
TXN01125,CUST0105,2025-02-08,663.08,Credit,9674.82,Manchester
TXN01126,CUST0014,2025-02-21,426.03,Debit,2545.06,Manchester
TXN01127,CUST0060,2025-01-23,178.53,Credit,8205.49,Leeds
TXN01128,CUST0030,2025-03-30,938.72,Debit,2373.81,Manchester
TXN01129,CUST0035,2025-02-19,969.44,Credit,2528.61,Leeds
TXN01130,CUST0165,2025-02-12,1683.41,Credit,6922.88,Glasgow
TXN01131,CUST0005,2025-01-19,450.27,Debit,4347.51,Manchester
TXN01132,CUST0083,2025-03-10,768.17,Debit,9349.67,Glasgow
TXN01133,CUST0123,2025-02-20,1618.73,Credit,1345.59,Manchester
TXN01134,CUST0078,2025-01-11,1649.01,Credit,5359.49,Manchester
TXN01135,CUST0154,2025-01-12,775.38,Credit,9225.95,Glasgow
TXN01136,CUST0062,2025-03-15,923.66,Credit,9089.08,Birmingham
TXN01137,CUST0132,2025-01-08,613.54,Debit,1987.03,Birmingham
TXN01138,CUST0089,2025-01-24,1865.78,Credit,3983.06,Birmingham
TXN01139,CUST0042,2025-02-10,246.1,Credit,6381.65,Birmingham
TXN01140,CUST0089,2025-02-05,1868.16,Credit,2014.25,Manchester
TXN01141,CUST0146,2025-03-26,1370.89,Debit,9696.21,London
TXN01142,CUST0040,2025-03-13,1067.83,Credit,9190.12,Glasgow
TXN01143,CUST0072,2025-02-24,74.99,Debit,2086.03,London
TXN01144,CUST0039,2025-01-09,956.44,Debit,1650.98,London
TXN01145,CUST0104,2025-02-16,821.42,Debit,1311.38,Leeds
TXN01146,CUST0014,2025-01-15,330.83,Debit,9139.71,Birmingham
TXN01147,CUST0032,2025-02-17,1316.26,Debit,2339.43,Manchester
TXN01148,CUST0179,2025-03-23,1942.59,Debit,4454.71,Birmingham
TXN01149,CUST0125,2025-02-11,1128.76,Debit,4764.09,Birmingham
TXN01150,CUST0166,2025-03-01,1432.36,Credit,6190.6,London
TXN01151,CUST0097,2025-03-25,146.22,Credit,1181.49,Leeds
TXN01152,CUST0023,2025-03-11,841.16,Debit,2654.21,Birmingham
TXN01153,CUST0063,2025-01-12,241.55,Credit,9349.16,Glasgow
TXN01154,CUST0143,2025-01-02,1229.46,Credit,9129.9,Glasgow
TXN01155,CUST0153,2025-01-07,1877.58,Debit,7922.26,Birmingham
TXN01156,CUST0145,2025-03-21,1326.94,Credit,684.31,London
TXN01157,CUST0194,2025-01-03,162.84,Debit,3606.56,London
TXN01158,CUST0053,2025-01-03,715.79,Credit,6465.61,Manchester
TXN01159,CUST0104,2025-01-27,1105.82,Debit,3114.31,Leeds
TXN01160,CUST0104,2025-02-09,812.38,Debit,9141.07,London
TXN01161,CUST0179,2025-02-02,1668.95,Credit,6521.95,Manchester
TXN01162,CUST0039,2025-01-01,1631.2,Credit,1183.11,Glasgow
TXN01163,CUST0179,2025-01-08,1227.54,Debit,9135.55,Glasgow
TXN01164,CUST0198,2025-02-01,753.18,Debit,9598.78,Glasgow
TXN01165,CUST0134,2025-02-17,518.12,Debit,1238.27,Birmingham
TXN01166,CUST0067,2025-01-04,220.69,Credit,5557.42,Leeds
TXN01167,CUST0135,2025-03-11,716.25,Credit,3381.96,Manchester
TXN01168,CUST0179,2025-01-19,832.21,Credit,4231.97,Leeds
TXN01169,CUST0200,2025-02-01,1354.89,Credit,2206.69,Birmingham
TXN01170,CUST0042,2025-01-09,1319.74,Debit,5991.68,Manchester
TXN01171,CUST0192,2025-01-12,149.52,Debit,9600.8,Manchester
TXN01172,CUST0015,2025-01-11,796.57,Debit,5279.19,London
TXN01173,CUST0111,2025-02-15,371.74,Debit,1287.69,Leeds
TXN01174,CUST0157,2025-01-16,322.06,Credit,6390.01,Leeds
TXN01175,CUST0033,2025-01-01,1656.33,Debit,3732.12,London
TXN01176,CUST0155,2025-03-04,93.41,Debit,8631.29,Glasgow
TXN01177,CUST0164,2025-01-21,844.17,Credit,4629.44,Birmingham
TXN01178,CUST0157,2025-01-30,344.73,Credit,2331.98,Leeds
TXN01179,CUST0038,2025-01-13,1759.87,Debit,2315.5,London
TXN01180,CUST0185,2025-02-03,1118.51,Credit,7803.26,Manchester
TXN01181,CUST0097,2025-01-04,470.45,Debit,3023.08,London
TXN01182,CUST0155,2025-01-28,1009.83,Credit,7788.72,Glasgow
TXN01183,CUST0183,2025-02-28,1465.66,Credit,2455.93,Birmingham
TXN01184,CUST0033,2025-01-27,1916.65,Debit,3556.02,Glasgow
TXN01185,CUST0196,2025-03-10,448.69,Credit,4922.13,Manchester
TXN01186,CUST0086,2025-01-25,1773.5,Debit,9460.36,Manchester
TXN01187,CUST0066,2025-01-03,1869.27,Credit,9351.45,Manchester
TXN01188,CUST0010,2025-03-09,1833.68,Credit,2465.28,Manchester
TXN01189,CUST0005,2025-01-25,1274.47,Credit,3903.08,London
TXN01190,CUST0123,2025-01-20,1263.34,Credit,1919.29,Manchester
TXN01191,CUST0074,2025-02-03,812.39,Credit,5344.86,Manchester
TXN01192,CUST0097,2025-01-26,1507.27,Debit,4875.53,London
TXN01193,CUST0118,2025-01-05,1067.28,Credit,9057.22,Manchester
TXN01194,CUST0038,2025-03-02,1358.1,Debit,9335.05,Glasgow
TXN01195,CUST0141,2025-01-09,862.63,Credit,4143.89,Glasgow
TXN01196,CUST0159,2025-02-19,1465.68,Debit,5171.51,Leeds
TXN01197,CUST0047,2025-01-06,1650.7,Credit,9014.24,Glasgow
TXN01198,CUST0109,2025-03-24,301.41,Debit,8163.72,Birmingham
TXN01199,CUST0180,2025-03-01,1667.53,Debit,534.73,Birmingham
TXN01200,CUST0184,2025-02-13,1085.19,Credit,3540.57,Birmingham
TXN01201,CUST0015,2025-01-11,1690.89,Credit,4506.86,London
TXN01202,CUST0157,2025-03-07,868.29,Credit,2682.3,Glasgow
TXN01203,CUST0136,2025-02-16,764.29,Debit,2395.93,Birmingham
TXN01204,CUST0005,2025-03-14,1830.97,Debit,858.95,Leeds
TXN01205,CUST0157,2025-03-26,509.83,Credit,6612.01,London
TXN01206,CUST0047,2025-03-29,1689.98,Credit,2993.85,Leeds
TXN01207,CUST0068,2025-03-27,973.2,Debit,997.3,Glasgow
TXN01208,CUST0076,2025-01-03,1033.05,Debit,2694.3,Manchester
TXN01209,CUST0173,2025-03-17,623.85,Credit,8118.18,Leeds
TXN01210,CUST0130,2025-01-30,1150.35,Debit,8589.15,Manchester
TXN01211,CUST0155,2025-03-31,657.17,Credit,5089.13,London
TXN01212,CUST0095,2025-01-21,88.15,Credit,4452.67,Leeds
TXN01213,CUST0115,2025-01-28,551.28,Credit,9789.61,Leeds
TXN01214,CUST0164,2025-03-31,22.69,Debit,2405.36,London
TXN01215,CUST0036,2025-03-03,1956.93,Debit,2545.91,London
TXN01216,CUST0026,2025-02-02,1931.84,Debit,3272.74,Birmingham
TXN01217,CUST0043,2025-03-26,796.36,Debit,2141.19,Glasgow
TXN01218,CUST0027,2025-02-04,1459.46,Credit,4103.97,Leeds
TXN01219,CUST0069,2025-02-21,698.15,Debit,9152.93,Leeds
TXN01220,CUST0148,2025-02-03,1345.48,Credit,6345.8,London
TXN01221,CUST0011,2025-02-10,1612.81,Credit,4413.49,London
TXN01222,CUST0074,2025-02-20,1894.04,Credit,9376.9,Glasgow
TXN01223,CUST0104,2025-02-16,806.42,Debit,960.41,London
TXN01224,CUST0038,2025-03-23,1568.76,Credit,2497.62,Manchester
TXN01225,CUST0134,2025-02-27,539.2,Credit,5875.94,Manchester
TXN01226,CUST0200,2025-03-16,1980.76,Debit,6347.75,Manchester
TXN01227,CUST0023,2025-02-26,61.28,Credit,875.8,Manchester
TXN01228,CUST0047,2025-01-23,1211.02,Debit,4328.87,Glasgow
TXN01229,CUST0090,2025-02-17,1322.42,Debit,6666.96,Leeds
TXN01230,CUST0046,2025-01-22,1379.21,Debit,7131.67,Manchester
TXN01231,CUST0107,2025-01-17,249.57,Credit,6562.33,London
TXN01232,CUST0140,2025-03-10,1877.67,Debit,3545.35,Manchester
TXN01233,CUST0141,2025-01-11,370.55,Debit,1388.44,Glasgow
TXN01234,CUST0104,2025-01-15,1249.28,Debit,4557.57,London
TXN01235,CUST0190,2025-02-04,453.13,Debit,1723.17,Manchester
TXN01236,CUST0111,2025-02-02,621.36,Credit,9502.42,Leeds
TXN01237,CUST0104,2025-03-25,1097.45,Debit,5014.12,London
TXN01238,CUST0060,2025-01-16,840.21,Credit,3513.96,London
TXN01239,CUST0171,2025-02-03,328.85,Debit,7779.89,Leeds
TXN01240,CUST0100,2025-03-07,350.16,Credit,5230.51,London
TXN01241,CUST0068,2025-02-09,842.11,Debit,3445.32,Manchester
TXN01242,CUST0133,2025-01-28,1516.99,Credit,8213.69,London
TXN01243,CUST0120,2025-02-16,1796.95,Debit,8737.95,Manchester
TXN01244,CUST0037,2025-02-08,177.41,Credit,6893.58,Leeds
TXN01245,CUST0072,2025-03-11,792.28,Credit,946.16,Birmingham
TXN01246,CUST0127,2025-03-14,209.49,Credit,5880.07,Leeds
TXN01247,CUST0106,2025-01-20,43.02,Debit,7751.3,Manchester
TXN01248,CUST0092,2025-01-01,1326.82,Credit,1796.78,Glasgow
TXN01249,CUST0031,2025-03-13,1208.87,Credit,2672.37,Leeds
TXN01250,CUST0122,2025-03-28,334.41,Credit,8883.7,Glasgow
TXN01251,CUST0137,2025-03-04,475.29,Credit,691.16,Glasgow
TXN01252,CUST0051,2025-03-08,57.18,Debit,7650.91,Manchester
TXN01253,CUST0029,2025-01-04,1671.54,Credit,5000.85,Manchester
TXN01254,CUST0040,2025-02-27,1949.63,Credit,4744.34,Birmingham
TXN01255,CUST0041,2025-01-25,279.56,Credit,567.42,London
TXN01256,CUST0011,2025-02-16,470.64,Debit,8284.28,Leeds
TXN01257,CUST0151,2025-02-07,1738.13,Credit,3918.34,Manchester
TXN01258,CUST0001,2025-01-15,1853.66,Credit,5637.27,Leeds
TXN01259,CUST0046,2025-03-04,845.06,Credit,6934.36,Glasgow
TXN01260,CUST0101,2025-01-21,110.74,Credit,7174.98,London
TXN01261,CUST0149,2025-02-26,88.39,Debit,9581.81,Birmingham
TXN01262,CUST0090,2025-02-22,1152.16,Credit,5547.73,Leeds
TXN01263,CUST0110,2025-02-15,791.86,Credit,4297.34,London
TXN01264,CUST0164,2025-01-14,67.02,Debit,9560.18,Birmingham
TXN01265,CUST0182,2025-03-17,1170.67,Debit,6600.05,Leeds
TXN01266,CUST0057,2025-01-17,32.49,Debit,3332.43,London
TXN01267,CUST0001,2025-02-08,1576.87,Credit,1701.41,Manchester
TXN01268,CUST0063,2025-01-09,619.8,Debit,8504.27,Leeds
TXN01269,CUST0182,2025-03-18,90.11,Credit,3940.73,London
TXN01270,CUST0055,2025-03-20,1180.82,Debit,6774.46,Birmingham
TXN01271,CUST0115,2025-03-23,801.39,Credit,4972.76,London
TXN01272,CUST0168,2025-01-06,1947.86,Debit,2389.83,Manchester
TXN01273,CUST0143,2025-01-23,1092.96,Credit,6216.02,Leeds
TXN01274,CUST0149,2025-02-28,557.73,Debit,1076.49,Leeds
TXN01275,CUST0175,2025-02-15,1421.78,Credit,4426.75,Leeds
TXN01276,CUST0053,2025-02-07,550.27,Credit,5692.84,Manchester
TXN01277,CUST0137,2025-01-14,1809.44,Credit,4642.45,Birmingham
TXN01278,CUST0180,2025-03-13,755.7,Credit,7612.39,Leeds
TXN01279,CUST0057,2025-03-03,1104.24,Credit,8365.29,Birmingham
TXN01280,CUST0117,2025-02-04,110.64,Credit,7826.81,London
TXN01281,CUST0154,2025-01-19,857.98,Credit,868.72,Birmingham
TXN01282,CUST0169,2025-01-30,1666.4,Credit,2344.22,Birmingham
TXN01283,CUST0035,2025-03-19,1613.24,Debit,5597.77,Leeds
TXN01284,CUST0063,2025-03-25,456.39,Credit,9380.81,Glasgow
TXN01285,CUST0025,2025-01-25,459.9,Credit,8432.09,Glasgow
TXN01286,CUST0090,2025-02-09,1636.44,Debit,8504.08,Manchester
TXN01287,CUST0075,2025-03-29,1861.49,Credit,3380.48,Manchester
TXN01288,CUST0038,2025-01-14,199.77,Debit,4579.76,Glasgow
TXN01289,CUST0130,2025-01-26,905.62,Credit,4971.71,London
TXN01290,CUST0135,2025-03-28,681.53,Debit,1995.03,Leeds
TXN01291,CUST0162,2025-01-22,1742.67,Debit,795.15,Leeds
TXN01292,CUST0091,2025-02-17,176.21,Credit,9495.58,London
TXN01293,CUST0017,2025-03-24,430.14,Debit,2786.77,London
TXN01294,CUST0128,2025-02-20,1507.41,Credit,2779.51,Glasgow
TXN01295,CUST0171,2025-01-03,112.07,Credit,1292.1,Manchester
TXN01296,CUST0187,2025-02-11,990.15,Credit,9320.82,London
TXN01297,CUST0108,2025-01-19,889.79,Credit,6007.5,Manchester
TXN01298,CUST0179,2025-03-14,675.46,Debit,6836.85,Birmingham
TXN01299,CUST0182,2025-01-28,795.2,Credit,9159.98,Leeds
TXN01300,CUST0152,2025-03-25,1064.58,Debit,3783.39,Glasgow
TXN01301,CUST0025,2025-02-14,331.12,Debit,6404.32,Leeds
TXN01302,CUST0199,2025-03-12,1148.27,Credit,868.59,Glasgow
TXN01303,CUST0180,2025-03-19,1612.81,Credit,2274.34,Birmingham
TXN01304,CUST0198,2025-03-04,1522.72,Credit,8396.84,Leeds
TXN01305,CUST0088,2025-03-14,316.26,Credit,7784.3,Birmingham
TXN01306,CUST0161,2025-01-19,307.01,Debit,3831.11,Glasgow
TXN01307,CUST0177,2025-02-16,543.67,Credit,4079.7,London
TXN01308,CUST0029,2025-01-14,728.54,Debit,5568.77,Leeds
TXN01309,CUST0063,2025-02-07,822.83,Credit,502.29,Birmingham
TXN01310,CUST0150,2025-02-22,1362.6,Credit,2791.82,Leeds
TXN01311,CUST0154,2025-03-02,122.79,Credit,2478.2,Leeds
TXN01312,CUST0156,2025-02-05,79.0,Credit,2879.59,Leeds
TXN01313,CUST0114,2025-02-09,789.9,Debit,8156.11,Manchester
TXN01314,CUST0049,2025-03-22,1397.36,Debit,3156.9,Birmingham
TXN01315,CUST0199,2025-01-30,394.94,Credit,2319.45,Birmingham
TXN01316,CUST0081,2025-01-09,1286.59,Debit,5290.5,Leeds
TXN01317,CUST0084,2025-03-05,527.06,Debit,8723.63,London
TXN01318,CUST0105,2025-02-02,1773.31,Credit,2792.82,Leeds
TXN01319,CUST0177,2025-02-21,1792.42,Credit,1246.09,Manchester
TXN01320,CUST0148,2025-03-30,601.6,Debit,3885.84,Glasgow
TXN01321,CUST0118,2025-01-14,467.69,Debit,7602.69,Manchester
TXN01322,CUST0086,2025-03-16,828.49,Debit,5731.56,London
TXN01323,CUST0063,2025-02-22,488.66,Debit,8259.54,Leeds
TXN01324,CUST0189,2025-02-28,1348.04,Credit,9616.13,Birmingham
TXN01325,CUST0104,2025-03-19,1653.87,Credit,8030.29,Leeds
TXN01326,CUST0049,2025-02-10,1349.45,Debit,6236.13,London
TXN01327,CUST0071,2025-03-09,1650.46,Credit,5186.75,Birmingham
TXN01328,CUST0001,2025-03-09,800.01,Debit,880.66,Manchester
TXN01329,CUST0141,2025-01-08,321.07,Debit,9851.06,Glasgow
TXN01330,CUST0179,2025-01-02,1478.52,Credit,4143.07,Glasgow
TXN01331,CUST0123,2025-03-27,727.34,Debit,1946.17,Leeds
TXN01332,CUST0184,2025-02-10,1345.83,Debit,6833.73,Manchester
TXN01333,CUST0062,2025-02-24,548.58,Credit,3200.74,London
TXN01334,CUST0032,2025-01-16,171.65,Credit,6064.89,Glasgow
TXN01335,CUST0158,2025-03-03,1985.24,Debit,6074.3,Manchester
TXN01336,CUST0029,2025-02-17,320.84,Debit,4734.43,Leeds
TXN01337,CUST0049,2025-01-30,1976.96,Credit,8443.13,Birmingham
TXN01338,CUST0173,2025-01-12,1954.79,Debit,3017.19,Leeds
TXN01339,CUST0030,2025-02-04,1589.7,Debit,4762.01,Leeds
TXN01340,CUST0144,2025-01-11,1322.25,Credit,5608.08,Manchester
TXN01341,CUST0168,2025-03-05,1159.84,Credit,6804.43,Glasgow
TXN01342,CUST0019,2025-02-19,1733.54,Credit,7947.73,Manchester
TXN01343,CUST0018,2025-03-26,585.98,Credit,4250.67,Birmingham
TXN01344,CUST0001,2025-01-21,940.69,Credit,6637.45,Manchester
TXN01345,CUST0078,2025-03-10,1242.59,Credit,1930.8,London
TXN01346,CUST0115,2025-02-17,828.27,Debit,9360.16,Leeds
TXN01347,CUST0175,2025-01-20,860.7,Debit,4139.06,Glasgow
TXN01348,CUST0194,2025-03-08,667.27,Credit,7430.45,Birmingham
TXN01349,CUST0113,2025-02-13,1132.82,Credit,693.24,Leeds
TXN01350,CUST0114,2025-02-02,1702.64,Debit,2449.28,Manchester
TXN01351,CUST0166,2025-03-14,411.04,Debit,5127.28,London
TXN01352,CUST0179,2025-03-02,1869.52,Debit,8843.4,Manchester
TXN01353,CUST0063,2025-01-09,1381.28,Credit,5508.92,Leeds
TXN01354,CUST0132,2025-03-09,1648.31,Credit,9333.77,Birmingham
TXN01355,CUST0129,2025-02-04,1116.82,Debit,5096.07,Glasgow
TXN01356,CUST0008,2025-03-22,1561.24,Credit,5159.27,Leeds
TXN01357,CUST0157,2025-03-29,42.24,Credit,1637.59,Birmingham
TXN01358,CUST0055,2025-03-06,1638.58,Credit,8125.23,Leeds
TXN01359,CUST0103,2025-01-08,89.88,Debit,2846.17,London
TXN01360,CUST0131,2025-02-14,1780.93,Debit,9046.32,Manchester
TXN01361,CUST0032,2025-03-28,1984.01,Credit,9152.83,Glasgow
TXN01362,CUST0010,2025-02-16,595.19,Credit,9461.45,Birmingham
TXN01363,CUST0110,2025-02-09,428.53,Credit,5442.19,Glasgow
TXN01364,CUST0162,2025-03-17,1533.07,Credit,6932.39,Glasgow
TXN01365,CUST0124,2025-02-23,513.52,Credit,7895.9,Glasgow
TXN01366,CUST0087,2025-03-17,1732.47,Debit,1744.64,Birmingham
TXN01367,CUST0055,2025-02-15,214.66,Credit,6209.09,Birmingham
TXN01368,CUST0032,2025-02-16,260.65,Credit,825.83,Glasgow
TXN01369,CUST0178,2025-01-15,1958.51,Credit,5226.88,Manchester
TXN01370,CUST0135,2025-01-19,1350.94,Debit,1971.01,Leeds
TXN01371,CUST0093,2025-01-26,1695.31,Debit,2237.77,Glasgow
TXN01372,CUST0008,2025-02-21,655.42,Credit,3967.95,London
TXN01373,CUST0065,2025-01-22,1356.2,Debit,4608.15,Glasgow
TXN01374,CUST0057,2025-01-21,1192.54,Debit,6420.14,Birmingham
TXN01375,CUST0067,2025-02-20,1210.27,Debit,1207.07,Leeds
TXN01376,CUST0187,2025-02-07,1368.24,Debit,5285.07,London
TXN01377,CUST0072,2025-01-20,1154.96,Debit,2234.94,Leeds
TXN01378,CUST0054,2025-01-29,863.83,Debit,5952.76,Leeds
TXN01379,CUST0067,2025-02-20,559.09,Credit,6555.34,London
TXN01380,CUST0051,2025-01-04,1539.48,Debit,5788.74,Glasgow
TXN01381,CUST0097,2025-02-24,460.28,Debit,7513.81,Glasgow
TXN01382,CUST0092,2025-03-12,1387.79,Credit,3688.29,Glasgow
TXN01383,CUST0008,2025-01-28,474.33,Credit,7768.51,Manchester
TXN01384,CUST0162,2025-01-04,1254.41,Credit,4611.29,Glasgow
TXN01385,CUST0035,2025-01-22,1496.69,Credit,5099.75,London
TXN01386,CUST0096,2025-03-17,445.24,Debit,6656.97,Manchester
TXN01387,CUST0088,2025-02-14,129.29,Debit,674.4,Glasgow
TXN01388,CUST0078,2025-03-08,270.64,Debit,6712.95,Manchester
TXN01389,CUST0032,2025-03-27,1215.93,Debit,6376.56,London
TXN01390,CUST0120,2025-03-07,1700.4,Credit,3443.55,Glasgow
TXN01391,CUST0046,2025-03-29,99.54,Debit,1315.05,Birmingham
TXN01392,CUST0144,2025-02-03,1470.96,Debit,1363.89,London
TXN01393,CUST0196,2025-02-24,689.22,Credit,9270.63,Leeds
TXN01394,CUST0165,2025-01-01,962.27,Debit,7048.15,Leeds
TXN01395,CUST0182,2025-03-13,1858.43,Debit,1707.47,London
TXN01396,CUST0142,2025-03-28,670.62,Debit,3888.87,Leeds
TXN01397,CUST0055,2025-02-07,936.02,Debit,6128.59,London
TXN01398,CUST0176,2025-01-06,37.23,Credit,8437.93,Birmingham
TXN01399,CUST0007,2025-03-27,172.38,Credit,914.78,London
TXN01400,CUST0074,2025-01-25,524.6,Credit,2748.01,Glasgow
TXN01401,CUST0007,2025-03-23,65.43,Credit,8952.62,Glasgow
TXN01402,CUST0161,2025-01-17,1266.44,Credit,587.07,Manchester
TXN01403,CUST0151,2025-03-02,858.53,Debit,2413.29,Leeds
TXN01404,CUST0085,2025-01-12,1100.81,Debit,9610.73,Leeds
TXN01405,CUST0147,2025-01-06,357.55,Credit,6327.32,London
TXN01406,CUST0112,2025-03-31,598.9,Credit,2985.88,Leeds
TXN01407,CUST0125,2025-01-27,1331.01,Credit,1136.42,Glasgow
TXN01408,CUST0147,2025-01-08,1930.95,Debit,767.82,Birmingham
TXN01409,CUST0036,2025-03-24,110.33,Credit,2825.08,London
TXN01410,CUST0029,2025-03-06,1781.86,Debit,8874.12,Leeds
TXN01411,CUST0188,2025-02-26,1157.99,Debit,4451.18,Glasgow
TXN01412,CUST0082,2025-02-09,1132.2,Debit,7343.17,Manchester
TXN01413,CUST0002,2025-01-14,1005.55,Debit,9223.71,Leeds
TXN01414,CUST0129,2025-02-04,148.09,Credit,4376.38,Birmingham
TXN01415,CUST0047,2025-02-17,188.85,Debit,2317.14,Birmingham
TXN01416,CUST0197,2025-03-25,1205.81,Debit,5412.62,Leeds
TXN01417,CUST0148,2025-02-25,688.51,Credit,9126.8,Leeds
TXN01418,CUST0011,2025-02-18,1835.36,Debit,8141.56,Glasgow
TXN01419,CUST0130,2025-01-13,819.12,Debit,1125.38,Leeds
TXN01420,CUST0195,2025-03-02,295.13,Debit,7079.44,Manchester
TXN01421,CUST0119,2025-02-18,1432.29,Credit,5933.03,Glasgow
TXN01422,CUST0140,2025-02-15,593.77,Debit,9120.9,London
TXN01423,CUST0020,2025-03-03,1055.69,Debit,1663.57,Manchester
TXN01424,CUST0005,2025-01-08,1398.69,Credit,5573.34,Glasgow
TXN01425,CUST0037,2025-02-12,1801.53,Credit,8854.9,Glasgow
TXN01426,CUST0166,2025-01-20,1586.46,Debit,4395.23,Birmingham
TXN01427,CUST0137,2025-03-31,1355.96,Debit,5078.95,Glasgow
TXN01428,CUST0053,2025-02-08,1362.47,Credit,1169.38,Manchester
TXN01429,CUST0172,2025-03-26,1892.39,Debit,3142.36,Leeds
TXN01430,CUST0099,2025-02-18,598.69,Credit,3582.81,Manchester
TXN01431,CUST0086,2025-03-05,12.21,Debit,9478.66,London
TXN01432,CUST0108,2025-03-03,551.19,Credit,3185.34,Glasgow
TXN01433,CUST0024,2025-02-23,443.6,Debit,4878.25,Glasgow
TXN01434,CUST0081,2025-01-09,1327.05,Credit,6877.39,Glasgow
TXN01435,CUST0158,2025-03-29,1271.09,Credit,2040.74,Glasgow
TXN01436,CUST0120,2025-02-06,1190.99,Credit,5121.2,Birmingham
TXN01437,CUST0059,2025-02-18,42.32,Credit,7516.12,Birmingham
TXN01438,CUST0128,2025-02-10,1460.27,Credit,8735.12,Leeds
TXN01439,CUST0114,2025-01-17,653.83,Debit,6449.46,Glasgow
TXN01440,CUST0115,2025-03-29,1333.46,Debit,6856.01,London
TXN01441,CUST0014,2025-01-21,1117.59,Credit,1699.69,Leeds
TXN01442,CUST0009,2025-02-20,692.03,Debit,9484.88,Glasgow
TXN01443,CUST0040,2025-02-28,277.81,Debit,1759.45,Birmingham
TXN01444,CUST0194,2025-02-08,197.89,Debit,7859.39,London
TXN01445,CUST0025,2025-02-24,1664.72,Debit,3015.76,Leeds
TXN01446,CUST0103,2025-02-10,1837.61,Debit,9369.13,London
TXN01447,CUST0022,2025-02-08,1303.08,Debit,7339.62,Glasgow
TXN01448,CUST0004,2025-01-13,215.83,Credit,7661.23,Manchester
TXN01449,CUST0154,2025-03-05,810.03,Debit,2581.06,London
TXN01450,CUST0186,2025-01-11,1460.59,Debit,4708.88,London
TXN01451,CUST0029,2025-01-19,1561.84,Debit,6369.23,Birmingham
TXN01452,CUST0109,2025-01-11,245.26,Credit,7814.75,Glasgow
TXN01453,CUST0098,2025-03-18,10.06,Debit,1487.61,London
TXN01454,CUST0037,2025-02-15,1427.15,Debit,9642.47,Glasgow
TXN01455,CUST0075,2025-02-14,719.63,Debit,8957.1,Birmingham
TXN01456,CUST0070,2025-01-01,516.42,Credit,3068.31,Glasgow
TXN01457,CUST0146,2025-02-09,35.67,Debit,8316.22,Birmingham
TXN01458,CUST0128,2025-01-19,1085.2,Credit,5424.08,Birmingham
TXN01459,CUST0085,2025-03-17,1703.79,Debit,4887.16,Leeds
TXN01460,CUST0042,2025-03-13,1915.69,Credit,3487.12,Glasgow
TXN01461,CUST0100,2025-03-13,1135.83,Credit,6019.2,Manchester
TXN01462,CUST0041,2025-03-02,1033.78,Credit,7433.95,Leeds
TXN01463,CUST0166,2025-01-12,179.26,Debit,4403.86,Birmingham
TXN01464,CUST0034,2025-03-02,1102.26,Credit,6477.58,Manchester
TXN01465,CUST0017,2025-02-02,766.16,Credit,7143.47,London
TXN01466,CUST0165,2025-02-14,1218.2,Credit,7255.66,London
TXN01467,CUST0153,2025-03-31,783.57,Credit,993.68,Leeds
TXN01468,CUST0122,2025-03-10,488.2,Debit,8667.6,Manchester
TXN01469,CUST0076,2025-01-08,198.98,Debit,4853.41,Glasgow
TXN01470,CUST0087,2025-01-25,636.69,Debit,2992.95,Manchester
TXN01471,CUST0117,2025-02-15,202.32,Debit,2796.76,Leeds
TXN01472,CUST0106,2025-03-28,362.02,Credit,5088.63,Glasgow
TXN01473,CUST0086,2025-01-30,1974.8,Debit,8924.9,Glasgow
TXN01474,CUST0027,2025-02-16,893.77,Credit,4094.3,London
TXN01475,CUST0057,2025-03-28,1068.42,Debit,7622.39,Manchester
TXN01476,CUST0031,2025-02-18,1748.5,Debit,1419.78,Glasgow
TXN01477,CUST0134,2025-02-16,1991.18,Debit,5022.54,Leeds
TXN01478,CUST0168,2025-03-25,1169.6,Credit,9921.02,London
TXN01479,CUST0098,2025-03-23,1626.82,Debit,7819.16,Glasgow
TXN01480,CUST0012,2025-01-18,660.61,Debit,2500.02,Manchester
TXN01481,CUST0053,2025-03-07,618.43,Debit,5263.69,London
TXN01482,CUST0199,2025-03-09,811.38,Credit,2719.44,Manchester
TXN01483,CUST0138,2025-02-02,1348.29,Debit,4390.83,Manchester
TXN01484,CUST0173,2025-02-05,1367.56,Debit,7910.8,Manchester
TXN01485,CUST0145,2025-03-23,637.33,Credit,7826.64,London
TXN01486,CUST0154,2025-01-19,275.09,Credit,2666.95,Glasgow
TXN01487,CUST0190,2025-01-28,1268.47,Debit,9261.12,Birmingham
TXN01488,CUST0122,2025-02-09,265.37,Debit,6129.4,Glasgow
TXN01489,CUST0046,2025-03-25,1161.2,Debit,4109.28,London
TXN01490,CUST0064,2025-03-17,1389.91,Credit,5268.39,Birmingham
TXN01491,CUST0130,2025-01-15,1404.22,Credit,6248.18,Birmingham
TXN01492,CUST0054,2025-02-10,1509.41,Credit,5818.96,Birmingham
TXN01493,CUST0107,2025-02-08,1746.99,Debit,5120.85,Leeds
TXN01494,CUST0193,2025-01-02,1004.92,Credit,5296.86,London
TXN01495,CUST0051,2025-03-04,1463.2,Debit,2175.91,Leeds
TXN01496,CUST0181,2025-01-29,1242.15,Credit,8220.96,Birmingham
TXN01497,CUST0036,2025-03-15,381.41,Credit,5646.72,Leeds
TXN01498,CUST0115,2025-03-07,61.12,Credit,1745.26,Leeds
TXN01499,CUST0026,2025-02-20,576.24,Debit,7778.49,London
TXN01500,CUST0029,2025-03-16,891.64,Debit,9358.22,Manchester
TXN01501,CUST0149,2025-03-18,1238.04,Debit,9499.42,Leeds
TXN01502,CUST0011,2025-01-10,1701.42,Debit,4005.67,Leeds
TXN01503,CUST0040,2025-01-14,400.53,Credit,1787.41,Birmingham
TXN01504,CUST0011,2025-03-23,259.84,Debit,5424.8,Birmingham
TXN01505,CUST0164,2025-02-20,1927.33,Credit,1569.79,Birmingham
TXN01506,CUST0113,2025-03-14,225.01,Debit,9372.88,Glasgow
TXN01507,CUST0187,2025-02-08,962.2,Debit,2244.01,Leeds
TXN01508,CUST0039,2025-01-28,1175.27,Credit,2901.28,Birmingham
TXN01509,CUST0054,2025-01-03,1087.34,Credit,4363.05,London
TXN01510,CUST0098,2025-03-25,181.2,Debit,4140.06,Glasgow
TXN01511,CUST0055,2025-03-11,123.48,Debit,8049.3,Manchester
TXN01512,CUST0111,2025-01-27,219.91,Credit,4835.01,Leeds
TXN01513,CUST0152,2025-01-02,1175.32,Credit,2122.3,Leeds
TXN01514,CUST0150,2025-02-07,1093.25,Credit,3038.49,London
TXN01515,CUST0069,2025-01-03,475.14,Credit,5336.58,Manchester
TXN01516,CUST0056,2025-01-16,1279.17,Credit,1900.81,Manchester
TXN01517,CUST0033,2025-02-09,1641.93,Debit,6310.73,Glasgow
TXN01518,CUST0036,2025-01-02,92.74,Debit,5874.6,Leeds
TXN01519,CUST0148,2025-03-22,1001.28,Debit,7289.67,Birmingham
TXN01520,CUST0081,2025-02-10,1381.73,Debit,9408.19,London
TXN01521,CUST0190,2025-01-12,512.1,Credit,9166.42,London
TXN01522,CUST0109,2025-02-04,622.46,Credit,9487.72,London
TXN01523,CUST0154,2025-03-06,1231.14,Credit,2824.8,London
TXN01524,CUST0194,2025-02-24,1796.89,Debit,1749.87,Birmingham
TXN01525,CUST0073,2025-02-14,1621.75,Credit,3371.63,Birmingham
TXN01526,CUST0040,2025-03-20,1170.43,Credit,9003.31,Glasgow
TXN01527,CUST0017,2025-03-31,1463.14,Debit,9734.51,Leeds
TXN01528,CUST0129,2025-03-26,736.0,Debit,8663.59,Birmingham
TXN01529,CUST0061,2025-03-03,1285.52,Debit,1545.17,Glasgow
TXN01530,CUST0171,2025-02-18,937.7,Credit,9500.57,Manchester
TXN01531,CUST0104,2025-01-25,387.97,Credit,4521.9,Leeds
TXN01532,CUST0042,2025-01-23,1406.46,Debit,588.45,Birmingham
TXN01533,CUST0025,2025-01-24,1117.36,Debit,4702.74,Manchester
TXN01534,CUST0039,2025-02-07,723.66,Credit,937.66,Glasgow
TXN01535,CUST0035,2025-01-28,1823.56,Debit,5666.84,Birmingham
TXN01536,CUST0131,2025-01-21,51.66,Credit,3716.26,Birmingham
TXN01537,CUST0108,2025-02-23,638.39,Debit,4997.63,Manchester
TXN01538,CUST0172,2025-01-18,123.19,Debit,6325.12,Birmingham
TXN01539,CUST0179,2025-02-05,1535.39,Debit,8753.61,London
TXN01540,CUST0102,2025-02-14,1407.19,Credit,6788.06,Birmingham
TXN01541,CUST0098,2025-03-14,669.39,Credit,4623.46,Leeds
TXN01542,CUST0012,2025-02-22,1354.57,Debit,8284.56,Manchester
TXN01543,CUST0019,2025-01-30,797.92,Credit,9103.03,Leeds
TXN01544,CUST0101,2025-03-01,1514.95,Debit,1637.72,Glasgow
TXN01545,CUST0044,2025-02-01,913.83,Debit,5553.36,Leeds
TXN01546,CUST0187,2025-03-08,830.44,Credit,3202.86,London
TXN01547,CUST0049,2025-03-08,1870.11,Credit,947.08,London
TXN01548,CUST0189,2025-01-28,509.25,Credit,6851.19,Leeds
TXN01549,CUST0017,2025-02-13,249.69,Credit,8696.32,Glasgow
TXN01550,CUST0074,2025-03-20,1173.24,Debit,2047.58,Birmingham
TXN01551,CUST0057,2025-02-10,1938.95,Credit,8217.93,London
TXN01552,CUST0055,2025-03-04,761.9,Credit,8607.26,Leeds
TXN01553,CUST0047,2025-01-23,133.45,Debit,9186.23,Leeds
TXN01554,CUST0012,2025-03-16,685.22,Debit,3020.21,Leeds
TXN01555,CUST0062,2025-02-17,1016.8,Debit,9087.55,Birmingham
TXN01556,CUST0080,2025-02-01,332.23,Debit,3546.3,Manchester
TXN01557,CUST0083,2025-02-26,1319.62,Credit,5747.21,Glasgow
TXN01558,CUST0008,2025-02-02,1995.52,Credit,979.82,Manchester
TXN01559,CUST0149,2025-01-24,908.96,Debit,916.87,Glasgow
TXN01560,CUST0081,2025-02-08,715.91,Debit,7343.55,Glasgow
TXN01561,CUST0118,2025-02-03,807.4,Credit,4722.56,Leeds
TXN01562,CUST0198,2025-02-25,239.14,Credit,2934.78,London
TXN01563,CUST0200,2025-01-28,1767.71,Credit,2308.93,Leeds
TXN01564,CUST0025,2025-02-06,835.5,Credit,6864.56,Birmingham
TXN01565,CUST0089,2025-01-07,780.68,Credit,503.81,Glasgow
TXN01566,CUST0012,2025-03-09,1322.78,Debit,8155.97,London
TXN01567,CUST0143,2025-02-06,889.65,Debit,1252.87,Glasgow
TXN01568,CUST0059,2025-02-25,1299.98,Debit,2319.15,Glasgow
TXN01569,CUST0154,2025-03-06,132.28,Debit,4169.25,Leeds
TXN01570,CUST0109,2025-03-06,1629.31,Credit,5106.16,London
TXN01571,CUST0026,2025-02-16,1881.6,Debit,3872.45,London
TXN01572,CUST0047,2025-01-20,1301.04,Credit,3546.77,Glasgow
TXN01573,CUST0032,2025-01-19,1909.59,Credit,9657.2,London
TXN01574,CUST0010,2025-01-29,311.35,Credit,6595.01,London
TXN01575,CUST0016,2025-03-15,960.06,Credit,722.61,Leeds
TXN01576,CUST0199,2025-03-01,1207.6,Credit,4586.67,Manchester
TXN01577,CUST0145,2025-01-18,1167.66,Credit,8812.58,Birmingham
TXN01578,CUST0151,2025-02-04,808.91,Credit,3363.83,Manchester
TXN01579,CUST0026,2025-02-12,682.79,Debit,1398.29,London
TXN01580,CUST0086,2025-01-11,262.38,Credit,7704.66,Glasgow
TXN01581,CUST0135,2025-02-18,789.57,Debit,6257.13,Birmingham
TXN01582,CUST0014,2025-02-07,333.7,Debit,5917.97,Birmingham
TXN01583,CUST0079,2025-03-05,1471.39,Credit,1008.98,Glasgow
TXN01584,CUST0117,2025-03-10,425.57,Credit,1834.74,Birmingham
TXN01585,CUST0007,2025-01-08,126.54,Debit,6414.22,Glasgow
TXN01586,CUST0137,2025-02-03,1109.21,Debit,2474.33,Birmingham
TXN01587,CUST0115,2025-02-17,1194.51,Debit,5288.67,Manchester
TXN01588,CUST0176,2025-02-25,1745.11,Debit,5676.38,Birmingham
TXN01589,CUST0072,2025-03-17,1158.19,Credit,3193.32,Leeds
TXN01590,CUST0059,2025-03-06,697.51,Credit,9510.04,Glasgow
TXN01591,CUST0082,2025-01-31,1607.99,Credit,8503.41,Birmingham
TXN01592,CUST0116,2025-01-04,1085.15,Debit,7362.55,Glasgow
TXN01593,CUST0167,2025-02-19,167.77,Credit,1240.94,Leeds
TXN01594,CUST0146,2025-03-10,1136.04,Debit,1508.24,Birmingham
TXN01595,CUST0187,2025-01-30,1816.96,Credit,5181.42,Birmingham
TXN01596,CUST0103,2025-03-29,798.66,Debit,2026.78,Leeds
TXN01597,CUST0017,2025-02-28,599.69,Credit,9793.52,Leeds
TXN01598,CUST0014,2025-03-08,295.5,Credit,2005.94,Leeds
TXN01599,CUST0159,2025-03-16,311.38,Debit,5130.94,Glasgow
TXN01600,CUST0152,2025-02-14,871.22,Debit,3959.15,Leeds
TXN01601,CUST0108,2025-01-04,1195.4,Debit,6574.17,Glasgow
TXN01602,CUST0188,2025-01-26,170.42,Debit,1725.85,Manchester
TXN01603,CUST0045,2025-01-27,1879.74,Debit,4588.01,Birmingham
TXN01604,CUST0098,2025-02-15,1512.72,Credit,3109.7,Birmingham
TXN01605,CUST0131,2025-03-05,1177.38,Debit,8933.64,London
TXN01606,CUST0037,2025-02-20,1658.59,Credit,885.56,Manchester
TXN01607,CUST0171,2025-02-19,169.57,Credit,9180.41,Leeds
TXN01608,CUST0168,2025-01-06,958.91,Credit,8413.44,Leeds
TXN01609,CUST0183,2025-02-28,1263.89,Credit,3326.92,Manchester
TXN01610,CUST0108,2025-01-15,1659.02,Credit,7998.26,Leeds
TXN01611,CUST0039,2025-01-30,1569.1,Debit,796.53,London
TXN01612,CUST0015,2025-02-11,561.37,Debit,9685.22,Glasgow
TXN01613,CUST0120,2025-02-06,1882.35,Credit,5502.65,Birmingham
TXN01614,CUST0004,2025-02-11,257.45,Credit,3381.17,Manchester
TXN01615,CUST0093,2025-02-04,1751.52,Debit,3944.54,Birmingham
TXN01616,CUST0153,2025-03-28,1942.17,Debit,1130.85,Glasgow
TXN01617,CUST0141,2025-01-06,362.54,Credit,9898.82,Manchester
TXN01618,CUST0161,2025-03-09,1446.91,Debit,873.27,Glasgow
TXN01619,CUST0016,2025-01-18,90.17,Debit,6721.62,Leeds
TXN01620,CUST0170,2025-03-14,816.79,Debit,4705.99,Leeds
TXN01621,CUST0108,2025-01-29,1037.4,Credit,9514.7,Leeds
TXN01622,CUST0126,2025-03-18,1165.48,Debit,2837.0,Glasgow
TXN01623,CUST0194,2025-02-28,1872.52,Credit,5554.82,Glasgow
TXN01624,CUST0055,2025-02-16,1347.78,Credit,5082.38,Glasgow
TXN01625,CUST0170,2025-01-17,967.74,Credit,7177.23,Birmingham
TXN01626,CUST0034,2025-01-22,1621.25,Credit,1146.1,Glasgow
TXN01627,CUST0158,2025-03-09,1901.56,Credit,2341.0,Leeds
TXN01628,CUST0013,2025-03-10,53.91,Debit,2538.37,London
TXN01629,CUST0141,2025-02-06,1965.22,Credit,7512.43,Glasgow
TXN01630,CUST0018,2025-02-18,181.4,Credit,2296.82,London
TXN01631,CUST0160,2025-01-13,1630.63,Credit,5948.17,Leeds
TXN01632,CUST0096,2025-02-03,567.87,Debit,2544.82,Glasgow
TXN01633,CUST0123,2025-03-27,273.04,Debit,8685.44,Birmingham
TXN01634,CUST0039,2025-02-22,885.31,Debit,9450.76,Birmingham
TXN01635,CUST0046,2025-03-28,1291.47,Debit,5425.68,London
TXN01636,CUST0029,2025-02-20,768.09,Debit,3846.93,Birmingham
TXN01637,CUST0190,2025-01-03,118.59,Debit,2723.55,Birmingham
TXN01638,CUST0062,2025-02-11,1202.93,Debit,972.92,Birmingham
TXN01639,CUST0185,2025-02-01,1805.78,Credit,3050.75,Leeds
TXN01640,CUST0016,2025-02-20,772.6,Credit,6715.24,Birmingham
TXN01641,CUST0184,2025-03-26,440.5,Debit,5569.36,Manchester
TXN01642,CUST0121,2025-02-15,890.73,Credit,9468.39,Glasgow
TXN01643,CUST0010,2025-01-21,106.24,Credit,4264.63,Birmingham
TXN01644,CUST0158,2025-02-13,1642.77,Debit,7091.7,Birmingham
TXN01645,CUST0153,2025-01-11,1654.42,Credit,5148.57,Birmingham
TXN01646,CUST0103,2025-03-09,1180.12,Credit,5369.47,Manchester
TXN01647,CUST0084,2025-01-01,712.67,Debit,3043.86,Birmingham
TXN01648,CUST0133,2025-03-04,1601.57,Credit,4822.03,Birmingham
TXN01649,CUST0065,2025-01-24,1113.83,Debit,4972.46,Glasgow
TXN01650,CUST0177,2025-01-13,1653.61,Debit,7213.1,Manchester
TXN01651,CUST0003,2025-01-11,1266.6,Credit,9436.08,Manchester
TXN01652,CUST0173,2025-02-20,1570.97,Credit,3628.55,Birmingham
TXN01653,CUST0142,2025-01-17,1201.14,Credit,900.9,Manchester
TXN01654,CUST0120,2025-03-23,834.14,Debit,5214.8,London
TXN01655,CUST0158,2025-03-27,1916.31,Debit,5672.38,Manchester
TXN01656,CUST0068,2025-01-24,1086.82,Debit,2100.19,Manchester
TXN01657,CUST0146,2025-01-19,1214.13,Credit,7724.41,Manchester
TXN01658,CUST0190,2025-02-06,448.77,Credit,9856.83,Leeds
TXN01659,CUST0037,2025-03-26,1255.05,Debit,9484.86,Leeds
TXN01660,CUST0153,2025-01-08,1147.5,Credit,2372.51,Leeds
TXN01661,CUST0176,2025-01-28,377.83,Credit,8815.95,Manchester
TXN01662,CUST0193,2025-01-05,128.58,Debit,7192.69,London
TXN01663,CUST0181,2025-01-17,1212.68,Debit,4811.54,Manchester
TXN01664,CUST0073,2025-02-05,1529.75,Credit,5635.8,Birmingham
TXN01665,CUST0143,2025-01-19,1051.57,Debit,8571.2,London
TXN01666,CUST0049,2025-03-05,461.28,Credit,5061.28,Leeds
TXN01667,CUST0121,2025-01-11,1336.38,Debit,4045.47,Glasgow
TXN01668,CUST0088,2025-02-23,169.41,Debit,5185.85,London
TXN01669,CUST0196,2025-02-14,889.25,Debit,6001.73,Leeds
TXN01670,CUST0140,2025-02-16,335.1,Credit,2296.24,London
TXN01671,CUST0187,2025-01-12,377.07,Credit,9058.62,London
TXN01672,CUST0037,2025-01-21,412.56,Debit,6904.78,Manchester
TXN01673,CUST0061,2025-01-11,779.55,Debit,6516.05,Birmingham
TXN01674,CUST0171,2025-01-05,111.79,Debit,1445.21,Glasgow
TXN01675,CUST0124,2025-03-22,801.61,Credit,6239.65,Leeds
TXN01676,CUST0198,2025-02-25,1028.3,Debit,1649.13,London
TXN01677,CUST0039,2025-01-20,971.76,Debit,1247.63,Glasgow
TXN01678,CUST0184,2025-02-10,771.74,Debit,5509.45,London
TXN01679,CUST0063,2025-02-15,1679.9,Debit,4326.46,Birmingham
TXN01680,CUST0046,2025-01-12,299.2,Credit,6093.7,Glasgow
TXN01681,CUST0088,2025-03-11,1016.34,Credit,1347.61,Leeds
TXN01682,CUST0011,2025-01-17,133.46,Debit,4594.34,London
TXN01683,CUST0062,2025-01-19,151.6,Credit,2160.47,Birmingham
TXN01684,CUST0077,2025-01-26,1151.99,Credit,9877.45,Glasgow
TXN01685,CUST0153,2025-02-17,1136.38,Credit,5830.93,London
TXN01686,CUST0199,2025-02-21,1757.29,Debit,7030.65,London
TXN01687,CUST0052,2025-03-11,1120.17,Credit,3591.47,Leeds
TXN01688,CUST0004,2025-02-24,1919.98,Credit,1400.02,Birmingham
TXN01689,CUST0059,2025-03-16,106.9,Credit,9770.77,Manchester
TXN01690,CUST0072,2025-02-02,205.04,Debit,3219.46,London
TXN01691,CUST0148,2025-03-03,97.69,Debit,4526.18,Glasgow
TXN01692,CUST0093,2025-03-29,378.7,Credit,6673.71,Leeds
TXN01693,CUST0063,2025-01-23,1087.13,Credit,734.62,Leeds
TXN01694,CUST0054,2025-01-15,1294.69,Debit,8197.46,London
TXN01695,CUST0117,2025-01-27,100.71,Debit,5597.49,London
TXN01696,CUST0110,2025-03-16,1892.48,Credit,3143.06,London
TXN01697,CUST0074,2025-03-05,1685.91,Credit,1085.28,Manchester
TXN01698,CUST0107,2025-03-22,600.26,Debit,2043.73,London
TXN01699,CUST0057,2025-02-20,163.6,Debit,9002.82,Birmingham
TXN01700,CUST0169,2025-02-22,348.08,Credit,7017.23,Glasgow
TXN01701,CUST0003,2025-03-19,262.62,Debit,2874.07,London
TXN01702,CUST0120,2025-03-23,255.33,Credit,1123.21,Manchester
TXN01703,CUST0006,2025-02-20,1041.94,Credit,7060.85,Glasgow
TXN01704,CUST0005,2025-02-16,499.24,Credit,5937.87,Leeds
TXN01705,CUST0005,2025-01-04,722.7,Debit,4342.94,London
TXN01706,CUST0054,2025-01-07,1979.12,Credit,3954.31,Glasgow
TXN01707,CUST0047,2025-02-04,1371.79,Credit,2559.74,Leeds
TXN01708,CUST0177,2025-02-17,1898.47,Debit,6861.31,Manchester
TXN01709,CUST0009,2025-03-14,293.69,Debit,9721.35,Birmingham
TXN01710,CUST0099,2025-03-13,770.46,Credit,2169.29,London
TXN01711,CUST0020,2025-02-14,1113.92,Credit,6172.61,Birmingham
TXN01712,CUST0122,2025-03-22,162.75,Debit,4529.76,Manchester
TXN01713,CUST0061,2025-03-22,18.33,Debit,4743.54,Glasgow
TXN01714,CUST0123,2025-03-13,1344.16,Debit,2914.4,Glasgow
TXN01715,CUST0163,2025-01-19,1287.22,Credit,8338.78,Manchester
TXN01716,CUST0178,2025-03-04,827.47,Credit,5109.93,Manchester
TXN01717,CUST0082,2025-02-07,984.39,Credit,5662.36,London
TXN01718,CUST0062,2025-03-08,836.73,Debit,3395.23,Leeds
TXN01719,CUST0145,2025-02-28,57.77,Credit,2227.18,Birmingham
TXN01720,CUST0003,2025-03-10,677.39,Debit,1316.15,Birmingham
TXN01721,CUST0160,2025-01-13,362.39,Credit,7284.13,Glasgow
TXN01722,CUST0013,2025-02-16,205.86,Debit,2364.23,Glasgow
TXN01723,CUST0120,2025-03-02,1913.87,Credit,7055.72,London
TXN01724,CUST0125,2025-01-31,1202.73,Credit,4208.58,Manchester
TXN01725,CUST0089,2025-03-21,1460.03,Debit,4449.86,Birmingham
TXN01726,CUST0073,2025-01-22,637.57,Debit,4957.19,London
TXN01727,CUST0068,2025-03-27,792.36,Credit,3993.23,Glasgow
TXN01728,CUST0142,2025-02-12,481.48,Debit,1455.89,Glasgow
TXN01729,CUST0101,2025-03-08,202.96,Debit,3441.5,Birmingham
TXN01730,CUST0098,2025-02-23,366.27,Credit,6805.48,Glasgow
TXN01731,CUST0011,2025-01-10,1597.05,Debit,6824.95,Glasgow
TXN01732,CUST0105,2025-02-11,1358.32,Credit,3219.13,Leeds
TXN01733,CUST0184,2025-03-05,1098.39,Credit,4870.97,Manchester
TXN01734,CUST0067,2025-01-21,955.43,Debit,2337.75,Glasgow
TXN01735,CUST0123,2025-03-21,1845.64,Debit,2498.53,Leeds
TXN01736,CUST0029,2025-03-17,154.74,Credit,718.95,London
TXN01737,CUST0137,2025-03-07,568.4,Credit,9019.09,Glasgow
TXN01738,CUST0195,2025-02-10,706.38,Credit,2501.71,London
TXN01739,CUST0153,2025-01-24,1567.03,Credit,2661.57,Glasgow
TXN01740,CUST0076,2025-02-04,1985.1,Credit,3156.21,Birmingham
TXN01741,CUST0170,2025-02-25,488.93,Credit,1710.38,Leeds
TXN01742,CUST0009,2025-01-30,1749.87,Debit,6573.0,Leeds
TXN01743,CUST0040,2025-02-26,1662.94,Debit,1213.86,Birmingham
TXN01744,CUST0025,2025-02-16,457.07,Debit,1774.92,Manchester
TXN01745,CUST0005,2025-02-04,804.67,Credit,6625.19,Leeds
TXN01746,CUST0139,2025-01-19,825.25,Debit,3726.78,London
TXN01747,CUST0187,2025-01-08,1956.66,Credit,7225.5,Leeds
TXN01748,CUST0124,2025-01-26,369.97,Credit,5795.54,Manchester
TXN01749,CUST0038,2025-03-12,1600.32,Debit,2932.2,London
TXN01750,CUST0072,2025-01-30,675.04,Credit,6682.87,London
TXN01751,CUST0133,2025-01-07,1464.43,Credit,1604.6,Birmingham
TXN01752,CUST0176,2025-03-08,845.82,Credit,5595.9,Glasgow
TXN01753,CUST0090,2025-03-06,1160.94,Credit,4652.91,Birmingham
TXN01754,CUST0146,2025-02-05,1666.9,Credit,3044.8,Glasgow
TXN01755,CUST0198,2025-01-25,1610.29,Credit,6238.05,Birmingham
TXN01756,CUST0037,2025-02-06,1734.18,Debit,8777.67,Glasgow
TXN01757,CUST0060,2025-01-01,128.64,Credit,9989.59,Leeds
TXN01758,CUST0176,2025-01-15,1387.18,Credit,6273.75,London
TXN01759,CUST0028,2025-02-06,288.57,Credit,4344.71,Glasgow
TXN01760,CUST0197,2025-01-13,837.48,Credit,2639.47,Leeds
TXN01761,CUST0081,2025-01-08,1101.69,Debit,2942.41,Manchester
TXN01762,CUST0114,2025-01-05,811.45,Debit,5054.82,Birmingham
TXN01763,CUST0040,2025-03-01,1044.03,Credit,3989.14,Manchester
TXN01764,CUST0045,2025-03-14,1993.09,Credit,9181.24,Leeds
TXN01765,CUST0062,2025-01-01,279.08,Credit,3998.81,Manchester
TXN01766,CUST0093,2025-02-05,1354.16,Debit,4047.72,Manchester
TXN01767,CUST0115,2025-02-04,798.04,Debit,4143.58,Leeds
TXN01768,CUST0186,2025-03-07,274.69,Debit,8447.89,London
TXN01769,CUST0067,2025-03-04,325.89,Debit,6682.49,Glasgow
TXN01770,CUST0056,2025-01-23,1899.05,Credit,6334.6,Birmingham
TXN01771,CUST0040,2025-01-09,1760.41,Debit,3674.36,Glasgow
TXN01772,CUST0098,2025-02-03,1815.01,Debit,8270.09,Birmingham
TXN01773,CUST0040,2025-02-15,1983.15,Credit,864.46,Glasgow
TXN01774,CUST0091,2025-03-19,424.55,Credit,8772.57,Manchester
TXN01775,CUST0033,2025-01-04,717.32,Debit,5371.12,London
TXN01776,CUST0006,2025-01-30,1341.75,Debit,4283.38,Manchester
TXN01777,CUST0147,2025-03-16,972.77,Debit,5223.09,London
TXN01778,CUST0080,2025-03-13,842.6,Debit,6840.45,Leeds
TXN01779,CUST0168,2025-01-03,722.04,Credit,621.27,Birmingham
TXN01780,CUST0092,2025-01-14,1191.62,Credit,8779.74,Birmingham
TXN01781,CUST0097,2025-03-01,1155.43,Debit,4744.03,Leeds
TXN01782,CUST0059,2025-03-18,331.3,Debit,3758.18,Glasgow
TXN01783,CUST0059,2025-02-14,948.76,Debit,1813.33,Leeds
TXN01784,CUST0048,2025-02-03,1111.41,Debit,4674.92,Leeds
TXN01785,CUST0169,2025-02-14,1144.87,Debit,5215.07,London
TXN01786,CUST0013,2025-03-02,428.11,Credit,4334.64,Leeds
TXN01787,CUST0107,2025-03-24,1487.12,Credit,6947.27,Birmingham
TXN01788,CUST0045,2025-01-16,60.15,Credit,4498.52,Manchester
TXN01789,CUST0089,2025-03-07,716.12,Debit,9633.47,London
TXN01790,CUST0181,2025-02-09,1562.62,Debit,6193.14,London
TXN01791,CUST0170,2025-01-17,1132.15,Credit,8171.04,Glasgow
TXN01792,CUST0100,2025-02-03,529.71,Credit,1538.88,Manchester
TXN01793,CUST0191,2025-01-16,1392.96,Debit,4274.27,London
TXN01794,CUST0155,2025-03-01,1139.11,Credit,3700.05,Leeds
TXN01795,CUST0166,2025-03-07,1594.52,Debit,5910.08,London
TXN01796,CUST0188,2025-03-07,1472.7,Debit,8680.58,London
TXN01797,CUST0007,2025-03-31,1224.11,Credit,1244.21,London
TXN01798,CUST0133,2025-01-13,981.47,Credit,1189.46,Glasgow
TXN01799,CUST0045,2025-02-25,275.03,Credit,8578.02,London
TXN01800,CUST0058,2025-01-31,530.05,Debit,2522.08,London
TXN01801,CUST0031,2025-02-03,844.01,Debit,6853.16,Glasgow
TXN01802,CUST0023,2025-02-08,1202.61,Credit,5657.34,Manchester
TXN01803,CUST0170,2025-03-08,1032.28,Debit,8412.49,Birmingham
TXN01804,CUST0138,2025-01-08,583.49,Debit,1688.34,Glasgow
TXN01805,CUST0160,2025-03-28,22.86,Debit,1732.94,Glasgow
TXN01806,CUST0107,2025-03-19,997.52,Credit,5789.77,London
TXN01807,CUST0181,2025-02-24,578.4,Debit,9490.6,London
TXN01808,CUST0158,2025-01-27,1471.87,Credit,4442.48,Birmingham
TXN01809,CUST0039,2025-02-22,57.65,Credit,3605.95,London
TXN01810,CUST0159,2025-02-08,1173.81,Debit,6263.55,Leeds
TXN01811,CUST0082,2025-03-06,1883.53,Credit,9339.26,London
TXN01812,CUST0100,2025-01-17,357.07,Debit,8450.81,London
TXN01813,CUST0002,2025-01-30,948.58,Credit,9957.09,Leeds
TXN01814,CUST0077,2025-02-22,191.93,Credit,714.4,Birmingham
TXN01815,CUST0012,2025-01-13,1255.11,Debit,1572.15,Leeds
TXN01816,CUST0039,2025-01-21,1105.56,Credit,6289.94,Glasgow
TXN01817,CUST0194,2025-01-19,820.66,Credit,8295.48,Leeds
TXN01818,CUST0013,2025-02-22,1047.54,Credit,3209.82,Manchester
TXN01819,CUST0046,2025-01-19,1794.18,Debit,2772.51,Glasgow
TXN01820,CUST0155,2025-02-26,400.63,Debit,7976.27,London
TXN01821,CUST0113,2025-01-25,54.9,Credit,1035.63,Glasgow
TXN01822,CUST0017,2025-03-27,1724.71,Credit,4009.14,Birmingham
TXN01823,CUST0104,2025-01-31,1158.46,Credit,5305.19,Birmingham
TXN01824,CUST0098,2025-03-22,1782.41,Debit,5823.31,Leeds
TXN01825,CUST0188,2025-02-24,1197.92,Debit,7421.84,Glasgow
TXN01826,CUST0192,2025-01-23,1622.22,Credit,3871.03,London
TXN01827,CUST0088,2025-02-01,865.05,Debit,6320.5,Birmingham
TXN01828,CUST0109,2025-03-03,1502.22,Debit,6061.07,London
TXN01829,CUST0163,2025-03-15,1826.95,Debit,5702.35,Manchester
TXN01830,CUST0070,2025-01-10,1148.52,Debit,6584.59,Birmingham
TXN01831,CUST0158,2025-03-13,369.76,Credit,2964.77,Leeds
TXN01832,CUST0199,2025-02-23,544.91,Debit,1304.16,Manchester
TXN01833,CUST0074,2025-02-21,405.3,Debit,1633.08,Glasgow
TXN01834,CUST0063,2025-01-20,501.25,Credit,2633.53,London
TXN01835,CUST0156,2025-02-01,619.77,Credit,5251.88,Birmingham
TXN01836,CUST0060,2025-01-14,1114.72,Debit,8484.21,Manchester
TXN01837,CUST0079,2025-02-19,1180.1,Debit,7162.29,Manchester
TXN01838,CUST0037,2025-01-28,858.73,Credit,7995.89,Birmingham
TXN01839,CUST0022,2025-02-22,1234.69,Credit,3834.27,Glasgow
TXN01840,CUST0196,2025-01-24,172.33,Credit,4344.21,Glasgow
TXN01841,CUST0148,2025-03-20,184.7,Debit,4239.98,Leeds
TXN01842,CUST0096,2025-01-22,351.94,Debit,2322.8,Glasgow
TXN01843,CUST0068,2025-01-30,1040.97,Credit,1081.56,Leeds
TXN01844,CUST0192,2025-03-04,435.85,Debit,6113.7,Manchester
TXN01845,CUST0017,2025-01-04,573.74,Credit,9897.56,Birmingham
TXN01846,CUST0012,2025-03-18,806.62,Debit,2084.88,Glasgow
TXN01847,CUST0150,2025-02-28,1625.61,Credit,943.51,Leeds
TXN01848,CUST0145,2025-03-28,37.59,Credit,7905.55,Manchester
TXN01849,CUST0138,2025-01-08,1302.26,Debit,2899.57,Glasgow
TXN01850,CUST0118,2025-03-23,1341.06,Debit,8381.62,London
TXN01851,CUST0193,2025-01-12,1599.33,Debit,7187.4,Manchester
TXN01852,CUST0022,2025-01-31,1866.18,Debit,9483.9,Glasgow
TXN01853,CUST0120,2025-03-19,50.07,Debit,4384.81,Manchester
TXN01854,CUST0050,2025-02-03,316.03,Debit,6788.71,Birmingham
TXN01855,CUST0014,2025-03-23,1773.48,Credit,4916.12,Birmingham
TXN01856,CUST0192,2025-03-16,922.45,Debit,6490.59,Birmingham
TXN01857,CUST0175,2025-03-17,1133.54,Credit,4771.19,London
TXN01858,CUST0029,2025-02-18,1329.42,Credit,2292.01,Birmingham
TXN01859,CUST0164,2025-03-20,1361.34,Debit,5325.03,London
TXN01860,CUST0180,2025-02-26,1864.16,Credit,5521.55,Birmingham
TXN01861,CUST0125,2025-01-26,1993.93,Credit,8200.74,Manchester
TXN01862,CUST0007,2025-01-18,1443.11,Debit,7487.45,Glasgow
TXN01863,CUST0029,2025-03-27,581.57,Debit,6806.02,Glasgow
TXN01864,CUST0139,2025-02-07,1760.71,Debit,1577.18,Birmingham
TXN01865,CUST0033,2025-03-22,107.95,Credit,7345.85,Glasgow
TXN01866,CUST0134,2025-03-28,469.85,Debit,5252.9,Birmingham
TXN01867,CUST0111,2025-03-29,1795.8,Debit,8993.95,Birmingham
TXN01868,CUST0079,2025-02-19,519.82,Debit,9238.77,Leeds
TXN01869,CUST0160,2025-01-08,449.1,Debit,1023.99,Leeds
TXN01870,CUST0179,2025-02-10,284.87,Credit,8296.09,Leeds
TXN01871,CUST0058,2025-01-06,1719.63,Debit,858.13,London
TXN01872,CUST0026,2025-03-10,1005.12,Credit,3988.11,Leeds
TXN01873,CUST0174,2025-02-13,1353.04,Debit,5651.85,Birmingham
TXN01874,CUST0029,2025-03-05,485.74,Credit,1906.96,Manchester
TXN01875,CUST0004,2025-01-29,1518.5,Credit,7589.98,Leeds
TXN01876,CUST0099,2025-01-28,1522.41,Credit,579.37,Leeds
TXN01877,CUST0141,2025-01-11,632.07,Debit,2101.69,Manchester
TXN01878,CUST0039,2025-03-06,827.26,Credit,6017.57,Birmingham
TXN01879,CUST0015,2025-01-19,427.28,Debit,7286.68,London
TXN01880,CUST0119,2025-01-09,1953.36,Debit,9208.11,Leeds
TXN01881,CUST0029,2025-01-27,1294.75,Debit,7202.22,Manchester
TXN01882,CUST0157,2025-02-03,1869.74,Debit,6881.9,Birmingham
TXN01883,CUST0075,2025-02-13,613.74,Debit,4246.24,Glasgow
TXN01884,CUST0116,2025-03-09,1565.96,Credit,512.2,London
TXN01885,CUST0032,2025-03-23,1534.06,Debit,1641.51,Manchester
TXN01886,CUST0130,2025-01-15,1386.39,Credit,5578.27,Manchester
TXN01887,CUST0175,2025-02-20,1931.62,Credit,6913.73,Manchester
TXN01888,CUST0084,2025-01-13,793.18,Credit,4465.76,Leeds
TXN01889,CUST0022,2025-03-24,270.13,Credit,7441.45,Glasgow
TXN01890,CUST0027,2025-02-18,1346.7,Credit,5457.69,London
TXN01891,CUST0195,2025-03-11,1461.33,Credit,1204.67,Birmingham
TXN01892,CUST0081,2025-02-25,1154.37,Credit,2324.15,Birmingham
TXN01893,CUST0126,2025-03-17,421.57,Debit,8479.98,Glasgow
TXN01894,CUST0184,2025-02-20,1013.87,Credit,7386.67,Manchester
TXN01895,CUST0092,2025-02-06,631.26,Debit,9000.24,Manchester
TXN01896,CUST0021,2025-01-17,860.66,Credit,1616.79,Manchester
TXN01897,CUST0047,2025-02-27,1293.98,Credit,9907.11,Manchester
TXN01898,CUST0101,2025-03-28,1492.98,Credit,2489.36,Manchester
TXN01899,CUST0187,2025-03-31,472.13,Credit,611.91,Glasgow
TXN01900,CUST0084,2025-01-29,816.6,Debit,9975.52,Leeds
TXN01901,CUST0006,2025-02-02,545.63,Debit,3170.2,London
TXN01902,CUST0147,2025-03-01,405.28,Debit,6846.18,Manchester
TXN01903,CUST0185,2025-03-30,1568.94,Credit,2178.48,Leeds
TXN01904,CUST0197,2025-02-24,1819.41,Credit,6012.17,Birmingham
TXN01905,CUST0131,2025-01-10,746.76,Credit,9088.33,Glasgow
TXN01906,CUST0001,2025-02-16,1505.05,Debit,3541.72,Leeds
TXN01907,CUST0058,2025-01-23,1795.02,Credit,6867.41,Manchester
TXN01908,CUST0124,2025-03-26,1693.79,Debit,2285.08,Manchester
TXN01909,CUST0166,2025-01-21,373.8,Debit,6435.56,Manchester
TXN01910,CUST0015,2025-01-13,1913.02,Credit,3696.28,Leeds
TXN01911,CUST0162,2025-02-02,759.59,Credit,2506.48,Manchester
TXN01912,CUST0189,2025-01-24,685.09,Debit,3475.23,Leeds
TXN01913,CUST0163,2025-01-11,134.24,Debit,2198.99,Manchester
TXN01914,CUST0064,2025-01-17,977.49,Debit,9068.2,Birmingham
TXN01915,CUST0025,2025-03-09,226.94,Credit,4273.28,Birmingham
TXN01916,CUST0024,2025-02-16,504.59,Credit,2830.15,London
TXN01917,CUST0012,2025-01-25,640.72,Credit,4759.87,Manchester
TXN01918,CUST0018,2025-03-14,1619.56,Credit,3545.09,Manchester
TXN01919,CUST0015,2025-01-21,1752.22,Credit,7571.98,Leeds
TXN01920,CUST0027,2025-03-25,611.91,Credit,9726.59,Leeds
TXN01921,CUST0072,2025-03-24,1718.81,Debit,4661.32,Manchester
TXN01922,CUST0060,2025-03-24,1715.89,Debit,8679.82,London
TXN01923,CUST0174,2025-01-12,1531.66,Debit,5875.7,Manchester
TXN01924,CUST0145,2025-02-06,301.92,Credit,1993.74,Leeds
TXN01925,CUST0093,2025-02-11,1383.74,Debit,7060.92,Manchester
TXN01926,CUST0053,2025-01-17,1890.6,Credit,5377.63,Leeds
TXN01927,CUST0008,2025-02-17,1368.26,Credit,6680.76,Manchester
TXN01928,CUST0079,2025-01-28,669.92,Debit,8952.03,Glasgow
TXN01929,CUST0027,2025-02-10,1006.15,Credit,4684.13,Leeds
TXN01930,CUST0174,2025-02-16,1294.99,Debit,9061.19,London
TXN01931,CUST0050,2025-01-18,1026.04,Debit,7631.36,Glasgow
TXN01932,CUST0199,2025-03-19,248.71,Credit,5141.75,Manchester
TXN01933,CUST0131,2025-03-12,631.01,Debit,6230.61,Leeds
TXN01934,CUST0093,2025-01-13,1606.77,Debit,3593.02,Glasgow
TXN01935,CUST0192,2025-03-23,1724.22,Debit,9844.17,London
TXN01936,CUST0172,2025-01-13,283.23,Debit,6839.84,Leeds
TXN01937,CUST0181,2025-01-31,1905.25,Credit,916.55,Glasgow
TXN01938,CUST0024,2025-01-02,664.36,Debit,3602.91,Glasgow
TXN01939,CUST0060,2025-01-16,1328.0,Debit,6421.49,Glasgow
TXN01940,CUST0122,2025-01-09,1506.13,Debit,1035.17,Birmingham
TXN01941,CUST0131,2025-03-14,1625.77,Credit,726.9,Manchester
TXN01942,CUST0148,2025-02-07,1892.04,Debit,4775.23,Leeds
TXN01943,CUST0046,2025-03-16,632.71,Credit,3660.56,Leeds
TXN01944,CUST0015,2025-02-23,1718.43,Debit,4663.84,Leeds
TXN01945,CUST0153,2025-02-25,272.06,Debit,2995.59,Glasgow
TXN01946,CUST0199,2025-03-27,1413.03,Debit,2064.82,Manchester
TXN01947,CUST0017,2025-03-28,1486.54,Credit,7046.86,London
TXN01948,CUST0126,2025-02-14,1358.67,Credit,5388.43,Leeds
TXN01949,CUST0084,2025-02-03,512.11,Credit,2401.47,Manchester
TXN01950,CUST0009,2025-01-09,1747.36,Credit,3536.1,Manchester
TXN01951,CUST0166,2025-03-29,346.03,Credit,6122.18,Birmingham
TXN01952,CUST0176,2025-01-08,116.73,Credit,1186.18,Leeds
TXN01953,CUST0188,2025-01-07,1437.76,Debit,1900.8,Glasgow
TXN01954,CUST0063,2025-02-05,956.2,Credit,1195.83,Manchester
TXN01955,CUST0117,2025-01-18,1699.71,Debit,8217.01,Manchester
TXN01956,CUST0130,2025-01-03,772.96,Credit,7647.89,London
TXN01957,CUST0088,2025-01-28,344.87,Credit,7656.47,Birmingham
TXN01958,CUST0072,2025-03-11,1674.52,Credit,7305.09,Manchester
TXN01959,CUST0139,2025-02-13,1102.33,Debit,6859.16,Manchester
TXN01960,CUST0064,2025-01-21,386.5,Credit,5031.42,Glasgow
TXN01961,CUST0072,2025-01-28,1443.56,Credit,6601.64,Glasgow
TXN01962,CUST0021,2025-02-23,1027.12,Debit,864.43,London
TXN01963,CUST0018,2025-02-23,1212.58,Debit,6403.91,London
TXN01964,CUST0064,2025-03-06,927.19,Debit,7889.84,London
TXN01965,CUST0082,2025-01-21,1659.13,Debit,5253.4,Glasgow
TXN01966,CUST0110,2025-01-13,1660.83,Credit,3896.38,Glasgow
TXN01967,CUST0095,2025-02-26,1421.68,Debit,3135.55,Birmingham
TXN01968,CUST0166,2025-02-18,219.75,Credit,6606.62,Leeds
TXN01969,CUST0032,2025-02-23,1679.32,Credit,7081.61,Leeds
TXN01970,CUST0011,2025-01-10,1345.32,Debit,8774.19,Birmingham
TXN01971,CUST0045,2025-02-22,1397.08,Credit,3752.17,Leeds
TXN01972,CUST0033,2025-02-13,732.34,Debit,7812.84,Glasgow
TXN01973,CUST0102,2025-02-16,1759.77,Credit,5832.88,Leeds
TXN01974,CUST0169,2025-02-22,1453.49,Debit,8886.95,Glasgow
TXN01975,CUST0136,2025-03-15,234.06,Debit,5514.22,Birmingham
TXN01976,CUST0011,2025-02-15,821.48,Debit,5417.48,London
TXN01977,CUST0179,2025-01-13,1773.9,Debit,5989.83,Birmingham
TXN01978,CUST0088,2025-02-06,103.92,Debit,7618.5,Leeds
TXN01979,CUST0041,2025-01-24,1923.22,Debit,9664.56,Glasgow
TXN01980,CUST0145,2025-01-02,1361.53,Credit,1198.85,Leeds
TXN01981,CUST0076,2025-03-27,1266.44,Credit,1007.63,Leeds
TXN01982,CUST0121,2025-03-22,548.41,Credit,9406.73,London
TXN01983,CUST0046,2025-01-14,505.1,Debit,5533.82,Leeds
TXN01984,CUST0160,2025-01-10,1884.7,Credit,6341.58,London
TXN01985,CUST0080,2025-02-04,603.56,Debit,5083.02,Glasgow
TXN01986,CUST0054,2025-01-25,1553.26,Credit,1389.75,Glasgow
TXN01987,CUST0086,2025-01-03,792.31,Credit,7796.85,London
TXN01988,CUST0092,2025-01-17,287.12,Debit,7598.63,Birmingham
TXN01989,CUST0148,2025-01-12,31.32,Credit,3461.18,Glasgow
TXN01990,CUST0161,2025-02-23,1093.07,Credit,3409.27,Birmingham
TXN01991,CUST0168,2025-01-24,1951.8,Credit,8459.49,Glasgow
TXN01992,CUST0160,2025-01-29,744.58,Debit,1187.39,Glasgow
TXN01993,CUST0097,2025-02-12,720.81,Credit,8870.5,Manchester
TXN01994,CUST0002,2025-01-25,694.74,Debit,2938.29,Leeds
TXN01995,CUST0033,2025-03-01,1045.88,Credit,6133.36,Leeds
TXN01996,CUST0158,2025-03-31,886.92,Credit,9391.94,Birmingham
TXN01997,CUST0161,2025-03-06,1761.03,Credit,6942.16,Leeds
TXN01998,CUST0077,2025-03-25,1015.99,Credit,4437.08,Birmingham
TXN01999,CUST0116,2025-01-28,1020.44,Debit,7050.57,Glasgow
TXN02000,CUST0154,2025-01-16,285.36,Credit,3767.81,Manchester
